
{"time":"2026-01-21T16:12:54.0813571+03:00","level":"INFO","source":{"function":"main.main","file":"C:/Users/KryTwo/GolandProjects/bcgen/barcode-generator/main.go","line":14},"msg":"start main"}
{"time":"2026-01-21T16:12:54.1274316+03:00","level":"INFO","source":{"function":"barcode-app/app.(*Controller).RegeneratePreview","file":"C:/Users/KryTwo/GolandProjects/bcgen/barcode-generator/app/controller.go","line":139},"msg":"try RegeneratePreview"}
{"time":"2026-01-21T16:12:54.1279819+03:00","level":"INFO","source":{"function":"barcode-app/gui.makeOpenFile","file":"C:/Users/KryTwo/GolandProjects/bcgen/barcode-generator/gui/openFile.go","line":22},"msg":"start makeOpenFile"}
{"time":"2026-01-21T16:12:56.0741214+03:00","level":"INFO","source":{"function":"barcode-app/gui.makeOpenFile.func1","file":"C:/Users/KryTwo/GolandProjects/bcgen/barcode-generator/gui/openFile.go","line":25},"msg":"попытка открытия файла"}
{"time":"2026-01-21T16:12:56.8073571+03:00","level":"INFO","source":{"function":"barcode-app/gui.makeOpenFile.func1.1","file":"C:/Users/KryTwo/GolandProjects/bcgen/barcode-generator/gui/openFile.go","line":34},"msg":"проверка на нажатие отмены"}
{"time":"2026-01-21T16:12:56.8073571+03:00","level":"INFO","source":{"function":"barcode-app/gui.makeOpenFile.func1.1","file":"C:/Users/KryTwo/GolandProjects/bcgen/barcode-generator/gui/openFile.go","line":41},"msg":"попытка чтения файла"}
{"time":"2026-01-21T16:12:56.8073571+03:00","level":"INFO","source":{"function":"barcode-app/gui.makeOpenFile.func1.1","file":"C:/Users/KryTwo/GolandProjects/bcgen/barcode-generator/gui/openFile.go","line":49},"msg":"try ProcessFile"}
{"time":"2026-01-21T16:12:56.8073571+03:00","level":"INFO","source":{"function":"barcode-app/app.(*Controller).ProcessFile","file":"C:/Users/KryTwo/GolandProjects/bcgen/barcode-generator/app/controller.go","line":34},"msg":"try csvreader.Read"}
{"time":"2026-01-21T16:12:56.8073571+03:00","level":"INFO","source":{"function":"barcode-app/app.(*Controller).ProcessFile","file":"C:/Users/KryTwo/GolandProjects/bcgen/barcode-generator/app/controller.go","line":36},"msg":"success csvreader.Read"}
{"time":"2026-01-21T16:12:56.8073571+03:00","level":"INFO","source":{"function":"barcode-app/app.(*Controller).RegeneratePreview","file":"C:/Users/KryTwo/GolandProjects/bcgen/barcode-generator/app/controller.go","line":139},"msg":"try RegeneratePreview"}
{"time":"2026-01-21T16:12:56.8073571+03:00","level":"INFO","source":{"function":"barcode-app/app.(*Controller).RegeneratePreview","file":"C:/Users/KryTwo/GolandProjects/bcgen/barcode-generator/app/controller.go","line":144},"msg":"try GenerateCode128"}
{"time":"2026-01-21T16:12:56.8073571+03:00","level":"INFO","source":{"function":"barcode-app/app.(*Controller).RegeneratePreview","file":"C:/Users/KryTwo/GolandProjects/bcgen/barcode-generator/app/controller.go","line":146},"msg":"done GenerateCode128"}
{"time":"2026-01-21T16:12:56.8073571+03:00","level":"INFO","source":{"function":"barcode-app/app.(*Controller).RegeneratePreview","file":"C:/Users/KryTwo/GolandProjects/bcgen/barcode-generator/app/controller.go","line":153},"msg":"try MakePDF"}
{"time":"2026-01-21T16:12:56.8113958+03:00","level":"INFO","source":{"function":"barcode-app/layout.MakePDF","file":"C:/Users/KryTwo/GolandProjects/bcgen/barcode-generator/layout/pdf.go","line":205},"msg":"not try to save to file in pdf.go"}
{"time":"2026-01-21T16:12:56.8113958+03:00","level":"INFO","source":{"function":"barcode-app/layout.MakePDF","file":"C:/Users/KryTwo/GolandProjects/bcgen/barcode-generator/layout/pdf.go","line":210},"msg":"pdf get len pdfbytes"}
{"time":"2026-01-21T16:12:56.8113958+03:00","level":"INFO","source":{"function":"barcode-app/layout.MakePDF","file":"C:/Users/KryTwo/GolandProjects/bcgen/barcode-generator/layout/pdf.go","line":211},"msg":"0"}
{"time":"2026-01-21T16:12:56.8113958+03:00","level":"INFO","source":{"function":"barcode-app/app.(*Controller).RegeneratePreview","file":"C:/Users/KryTwo/GolandProjects/bcgen/barcode-generator/app/controller.go","line":155},"msg":"done MakePDF"}
{"time":"2026-01-21T16:12:56.8113958+03:00","level":"INFO","source":{"function":"barcode-app/app.(*Controller).RegeneratePreview","file":"C:/Users/KryTwo/GolandProjects/bcgen/barcode-generator/app/controller.go","line":157},"msg":"try BytesPdfToPNGConvert"}
{"time":"2026-01-21T16:12:56.8113958+03:00","level":"ERROR","source":{"function":"barcode-app/logger.LogError","file":"C:/Users/KryTwo/GolandProjects/bcgen/barcode-generator/logger/logger.go","line":26},"msg":"err fitz.NewFromMemory","Ошибка":"fitz: cannot send empty bytes"}
{"time":"2026-01-21T16:17:43.8943441+03:00","level":"INFO","source":{"function":"main.main","file":"C:/Users/KryTwo/GolandProjects/bcgen/barcode-generator/main.go","line":14},"msg":"start main"}
{"time":"2026-01-21T16:17:43.9433019+03:00","level":"INFO","source":{"function":"barcode-app/app.(*Controller).RegeneratePreview","file":"C:/Users/KryTwo/GolandProjects/bcgen/barcode-generator/app/controller.go","line":139},"msg":"try RegeneratePreview"}
{"time":"2026-01-21T16:17:43.943867+03:00","level":"INFO","source":{"function":"barcode-app/gui.makeOpenFile","file":"C:/Users/KryTwo/GolandProjects/bcgen/barcode-generator/gui/openFile.go","line":22},"msg":"start makeOpenFile"}
{"time":"2026-01-21T16:17:45.2558934+03:00","level":"INFO","source":{"function":"barcode-app/gui.makeOpenFile.func1","file":"C:/Users/KryTwo/GolandProjects/bcgen/barcode-generator/gui/openFile.go","line":25},"msg":"попытка открытия файла"}
{"time":"2026-01-21T16:17:46.2561721+03:00","level":"INFO","source":{"function":"barcode-app/gui.makeOpenFile.func1.1","file":"C:/Users/KryTwo/GolandProjects/bcgen/barcode-generator/gui/openFile.go","line":34},"msg":"проверка на нажатие отмены"}
{"time":"2026-01-21T16:17:46.2561721+03:00","level":"INFO","source":{"function":"barcode-app/gui.makeOpenFile.func1.1","file":"C:/Users/KryTwo/GolandProjects/bcgen/barcode-generator/gui/openFile.go","line":41},"msg":"попытка чтения файла"}
{"time":"2026-01-21T16:17:46.2561721+03:00","level":"INFO","source":{"function":"barcode-app/gui.makeOpenFile.func1.1","file":"C:/Users/KryTwo/GolandProjects/bcgen/barcode-generator/gui/openFile.go","line":49},"msg":"try ProcessFile"}
{"time":"2026-01-21T16:17:46.2561721+03:00","level":"INFO","source":{"function":"barcode-app/app.(*Controller).ProcessFile","file":"C:/Users/KryTwo/GolandProjects/bcgen/barcode-generator/app/controller.go","line":34},"msg":"try csvreader.Read"}
{"time":"2026-01-21T16:17:46.2561721+03:00","level":"INFO","source":{"function":"barcode-app/app.(*Controller).ProcessFile","file":"C:/Users/KryTwo/GolandProjects/bcgen/barcode-generator/app/controller.go","line":36},"msg":"success csvreader.Read"}
{"time":"2026-01-21T16:17:46.2561721+03:00","level":"INFO","source":{"function":"barcode-app/app.(*Controller).RegeneratePreview","file":"C:/Users/KryTwo/GolandProjects/bcgen/barcode-generator/app/controller.go","line":139},"msg":"try RegeneratePreview"}
{"time":"2026-01-21T16:17:46.2561721+03:00","level":"INFO","source":{"function":"barcode-app/app.(*Controller).RegeneratePreview","file":"C:/Users/KryTwo/GolandProjects/bcgen/barcode-generator/app/controller.go","line":144},"msg":"try GenerateCode128"}
{"time":"2026-01-21T16:17:46.2561721+03:00","level":"INFO","source":{"function":"barcode-app/app.(*Controller).RegeneratePreview","file":"C:/Users/KryTwo/GolandProjects/bcgen/barcode-generator/app/controller.go","line":146},"msg":"done GenerateCode128"}
{"time":"2026-01-21T16:17:46.2561721+03:00","level":"INFO","source":{"function":"barcode-app/app.(*Controller).RegeneratePreview","file":"C:/Users/KryTwo/GolandProjects/bcgen/barcode-generator/app/controller.go","line":153},"msg":"try MakePDF"}
{"time":"2026-01-21T16:17:46.2600715+03:00","level":"INFO","source":{"function":"barcode-app/layout.MakePDF","file":"C:/Users/KryTwo/GolandProjects/bcgen/barcode-generator/layout/pdf.go","line":175},"msg":"not try to save to file in pdf.go"}
{"time":"2026-01-21T16:17:46.2600715+03:00","level":"INFO","source":{"function":"barcode-app/layout.MakePDF","file":"C:/Users/KryTwo/GolandProjects/bcgen/barcode-generator/layout/pdf.go","line":180},"msg":"pdf get len pdfbytes"}
{"time":"2026-01-21T16:17:46.2600715+03:00","level":"INFO","source":{"function":"barcode-app/layout.MakePDF","file":"C:/Users/KryTwo/GolandProjects/bcgen/barcode-generator/layout/pdf.go","line":181},"msg":"0"}
{"time":"2026-01-21T16:17:46.2600715+03:00","level":"INFO","source":{"function":"barcode-app/app.(*Controller).RegeneratePreview","file":"C:/Users/KryTwo/GolandProjects/bcgen/barcode-generator/app/controller.go","line":155},"msg":"done MakePDF"}
{"time":"2026-01-21T16:17:46.2600715+03:00","level":"INFO","source":{"function":"barcode-app/app.(*Controller).RegeneratePreview","file":"C:/Users/KryTwo/GolandProjects/bcgen/barcode-generator/app/controller.go","line":157},"msg":"try BytesPdfToPNGConvert"}
{"time":"2026-01-21T16:17:46.2600715+03:00","level":"ERROR","source":{"function":"barcode-app/logger.LogError","file":"C:/Users/KryTwo/GolandProjects/bcgen/barcode-generator/logger/logger.go","line":26},"msg":"err fitz.NewFromMemory","Ошибка":"fitz: cannot send empty bytes"}
{"time":"2026-01-21T16:18:00.7741799+03:00","level":"INFO","source":{"function":"main.main","file":"C:/Users/KryTwo/GolandProjects/bcgen/barcode-generator/main.go","line":14},"msg":"start main"}
{"time":"2026-01-21T16:18:00.8182529+03:00","level":"INFO","source":{"function":"barcode-app/app.(*Controller).RegeneratePreview","file":"C:/Users/KryTwo/GolandProjects/bcgen/barcode-generator/app/controller.go","line":139},"msg":"try RegeneratePreview"}
{"time":"2026-01-21T16:18:00.8188403+03:00","level":"INFO","source":{"function":"barcode-app/gui.makeOpenFile","file":"C:/Users/KryTwo/GolandProjects/bcgen/barcode-generator/gui/openFile.go","line":22},"msg":"start makeOpenFile"}
{"time":"2026-01-21T16:18:02.0390202+03:00","level":"INFO","source":{"function":"barcode-app/gui.makeOpenFile.func1","file":"C:/Users/KryTwo/GolandProjects/bcgen/barcode-generator/gui/openFile.go","line":25},"msg":"попытка открытия файла"}
{"time":"2026-01-21T16:18:02.7557403+03:00","level":"INFO","source":{"function":"barcode-app/gui.makeOpenFile.func1.1","file":"C:/Users/KryTwo/GolandProjects/bcgen/barcode-generator/gui/openFile.go","line":34},"msg":"проверка на нажатие отмены"}
{"time":"2026-01-21T16:18:02.7557403+03:00","level":"INFO","source":{"function":"barcode-app/gui.makeOpenFile.func1.1","file":"C:/Users/KryTwo/GolandProjects/bcgen/barcode-generator/gui/openFile.go","line":41},"msg":"попытка чтения файла"}
{"time":"2026-01-21T16:18:02.7557403+03:00","level":"INFO","source":{"function":"barcode-app/gui.makeOpenFile.func1.1","file":"C:/Users/KryTwo/GolandProjects/bcgen/barcode-generator/gui/openFile.go","line":49},"msg":"try ProcessFile"}
{"time":"2026-01-21T16:18:02.7557403+03:00","level":"INFO","source":{"function":"barcode-app/app.(*Controller).ProcessFile","file":"C:/Users/KryTwo/GolandProjects/bcgen/barcode-generator/app/controller.go","line":34},"msg":"try csvreader.Read"}
{"time":"2026-01-21T16:18:02.7557403+03:00","level":"INFO","source":{"function":"barcode-app/app.(*Controller).ProcessFile","file":"C:/Users/KryTwo/GolandProjects/bcgen/barcode-generator/app/controller.go","line":36},"msg":"success csvreader.Read"}
{"time":"2026-01-21T16:18:02.7557403+03:00","level":"INFO","source":{"function":"barcode-app/app.(*Controller).RegeneratePreview","file":"C:/Users/KryTwo/GolandProjects/bcgen/barcode-generator/app/controller.go","line":139},"msg":"try RegeneratePreview"}
{"time":"2026-01-21T16:18:02.7557403+03:00","level":"INFO","source":{"function":"barcode-app/app.(*Controller).RegeneratePreview","file":"C:/Users/KryTwo/GolandProjects/bcgen/barcode-generator/app/controller.go","line":144},"msg":"try GenerateCode128"}
{"time":"2026-01-21T16:18:02.7557403+03:00","level":"INFO","source":{"function":"barcode-app/app.(*Controller).RegeneratePreview","file":"C:/Users/KryTwo/GolandProjects/bcgen/barcode-generator/app/controller.go","line":146},"msg":"done GenerateCode128"}
{"time":"2026-01-21T16:18:02.7557403+03:00","level":"INFO","source":{"function":"barcode-app/app.(*Controller).RegeneratePreview","file":"C:/Users/KryTwo/GolandProjects/bcgen/barcode-generator/app/controller.go","line":153},"msg":"try MakePDF"}
{"time":"2026-01-21T16:18:02.7597148+03:00","level":"INFO","source":{"function":"barcode-app/layout.MakePDF","file":"C:/Users/KryTwo/GolandProjects/bcgen/barcode-generator/layout/pdf.go","line":175},"msg":"not try to save to file in pdf.go"}
{"time":"2026-01-21T16:18:02.7602711+03:00","level":"INFO","source":{"function":"barcode-app/layout.MakePDF","file":"C:/Users/KryTwo/GolandProjects/bcgen/barcode-generator/layout/pdf.go","line":180},"msg":"pdf get len pdfbytes"}
{"time":"2026-01-21T16:18:02.7602711+03:00","level":"INFO","source":{"function":"barcode-app/layout.MakePDF","file":"C:/Users/KryTwo/GolandProjects/bcgen/barcode-generator/layout/pdf.go","line":181},"msg":"396294"}
{"time":"2026-01-21T16:18:02.7602711+03:00","level":"INFO","source":{"function":"barcode-app/app.(*Controller).RegeneratePreview","file":"C:/Users/KryTwo/GolandProjects/bcgen/barcode-generator/app/controller.go","line":155},"msg":"done MakePDF"}
{"time":"2026-01-21T16:18:02.7602711+03:00","level":"INFO","source":{"function":"barcode-app/app.(*Controller).RegeneratePreview","file":"C:/Users/KryTwo/GolandProjects/bcgen/barcode-generator/app/controller.go","line":157},"msg":"try BytesPdfToPNGConvert"}
{"time":"2026-01-21T16:18:02.8050513+03:00","level":"INFO","source":{"function":"barcode-app/app.(*Controller).RegeneratePreview","file":"C:/Users/KryTwo/GolandProjects/bcgen/barcode-generator/app/controller.go","line":159},"msg":"done BytesPdfToPNGConvert"}
{"time":"2026-01-21T16:18:02.8050513+03:00","level":"INFO","source":{"function":"barcode-app/app.(*Controller).RegeneratePreview","file":"C:/Users/KryTwo/GolandProjects/bcgen/barcode-generator/app/controller.go","line":164},"msg":"done RegeneratePreview"}
{"time":"2026-01-21T16:18:02.8050513+03:00","level":"INFO","source":{"function":"barcode-app/gui.makeOpenFile.func1.1","file":"C:/Users/KryTwo/GolandProjects/bcgen/barcode-generator/gui/openFile.go","line":56},"msg":"try RegeneradePreview"}
{"time":"2026-01-21T16:18:02.8050513+03:00","level":"INFO","source":{"function":"barcode-app/app.(*Controller).RegeneratePreview","file":"C:/Users/KryTwo/GolandProjects/bcgen/barcode-generator/app/controller.go","line":139},"msg":"try RegeneratePreview"}
{"time":"2026-01-21T16:18:02.8050513+03:00","level":"INFO","source":{"function":"barcode-app/app.(*Controller).RegeneratePreview","file":"C:/Users/KryTwo/GolandProjects/bcgen/barcode-generator/app/controller.go","line":144},"msg":"try GenerateCode128"}
{"time":"2026-01-21T16:18:02.8050513+03:00","level":"INFO","source":{"function":"barcode-app/app.(*Controller).RegeneratePreview","file":"C:/Users/KryTwo/GolandProjects/bcgen/barcode-generator/app/controller.go","line":146},"msg":"done GenerateCode128"}
{"time":"2026-01-21T16:18:02.8050513+03:00","level":"INFO","source":{"function":"barcode-app/app.(*Controller).RegeneratePreview","file":"C:/Users/KryTwo/GolandProjects/bcgen/barcode-generator/app/controller.go","line":153},"msg":"try MakePDF"}
{"time":"2026-01-21T16:18:02.8080474+03:00","level":"INFO","source":{"function":"barcode-app/layout.MakePDF","file":"C:/Users/KryTwo/GolandProjects/bcgen/barcode-generator/layout/pdf.go","line":175},"msg":"not try to save to file in pdf.go"}
{"time":"2026-01-21T16:18:02.8110473+03:00","level":"INFO","source":{"function":"barcode-app/layout.MakePDF","file":"C:/Users/KryTwo/GolandProjects/bcgen/barcode-generator/layout/pdf.go","line":180},"msg":"pdf get len pdfbytes"}
{"time":"2026-01-21T16:18:02.8110473+03:00","level":"INFO","source":{"function":"barcode-app/layout.MakePDF","file":"C:/Users/KryTwo/GolandProjects/bcgen/barcode-generator/layout/pdf.go","line":181},"msg":"396294"}
{"time":"2026-01-21T16:18:02.8110473+03:00","level":"INFO","source":{"function":"barcode-app/app.(*Controller).RegeneratePreview","file":"C:/Users/KryTwo/GolandProjects/bcgen/barcode-generator/app/controller.go","line":155},"msg":"done MakePDF"}
{"time":"2026-01-21T16:18:02.8110473+03:00","level":"INFO","source":{"function":"barcode-app/app.(*Controller).RegeneratePreview","file":"C:/Users/KryTwo/GolandProjects/bcgen/barcode-generator/app/controller.go","line":157},"msg":"try BytesPdfToPNGConvert"}
{"time":"2026-01-21T16:18:02.8528289+03:00","level":"INFO","source":{"function":"barcode-app/app.(*Controller).RegeneratePreview","file":"C:/Users/KryTwo/GolandProjects/bcgen/barcode-generator/app/controller.go","line":159},"msg":"done BytesPdfToPNGConvert"}
{"time":"2026-01-21T16:18:02.8533411+03:00","level":"INFO","source":{"function":"barcode-app/app.(*Controller).RegeneratePreview","file":"C:/Users/KryTwo/GolandProjects/bcgen/barcode-generator/app/controller.go","line":164},"msg":"done RegeneratePreview"}
{"time":"2026-01-21T16:18:02.8533411+03:00","level":"INFO","source":{"function":"barcode-app/gui.makeOpenFile.func1.1","file":"C:/Users/KryTwo/GolandProjects/bcgen/barcode-generator/gui/openFile.go","line":58},"msg":"success RegeneradePreview"}
{"time":"2026-01-21T16:19:32.640259+03:00","level":"INFO","source":{"function":"main.main","file":"C:/Users/KryTwo/GolandProjects/bcgen/barcode-generator/main.go","line":14},"msg":"start main"}
{"time":"2026-01-21T16:19:32.6876703+03:00","level":"INFO","source":{"function":"barcode-app/app.(*Controller).RegeneratePreview","file":"C:/Users/KryTwo/GolandProjects/bcgen/barcode-generator/app/controller.go","line":139},"msg":"try RegeneratePreview"}
{"time":"2026-01-21T16:19:32.6882243+03:00","level":"INFO","source":{"function":"barcode-app/gui.makeOpenFile","file":"C:/Users/KryTwo/GolandProjects/bcgen/barcode-generator/gui/openFile.go","line":22},"msg":"start makeOpenFile"}
{"time":"2026-01-21T16:19:33.7291542+03:00","level":"INFO","source":{"function":"barcode-app/gui.makeOpenFile.func1","file":"C:/Users/KryTwo/GolandProjects/bcgen/barcode-generator/gui/openFile.go","line":25},"msg":"попытка открытия файла"}
{"time":"2026-01-21T16:19:34.4281338+03:00","level":"INFO","source":{"function":"barcode-app/gui.makeOpenFile.func1.1","file":"C:/Users/KryTwo/GolandProjects/bcgen/barcode-generator/gui/openFile.go","line":34},"msg":"проверка на нажатие отмены"}
{"time":"2026-01-21T16:19:34.4281338+03:00","level":"INFO","source":{"function":"barcode-app/gui.makeOpenFile.func1.1","file":"C:/Users/KryTwo/GolandProjects/bcgen/barcode-generator/gui/openFile.go","line":41},"msg":"попытка чтения файла"}
{"time":"2026-01-21T16:19:34.4281338+03:00","level":"INFO","source":{"function":"barcode-app/gui.makeOpenFile.func1.1","file":"C:/Users/KryTwo/GolandProjects/bcgen/barcode-generator/gui/openFile.go","line":49},"msg":"try ProcessFile"}
{"time":"2026-01-21T16:19:34.4281338+03:00","level":"INFO","source":{"function":"barcode-app/app.(*Controller).ProcessFile","file":"C:/Users/KryTwo/GolandProjects/bcgen/barcode-generator/app/controller.go","line":34},"msg":"try csvreader.Read"}
{"time":"2026-01-21T16:19:34.4281338+03:00","level":"INFO","source":{"function":"barcode-app/app.(*Controller).ProcessFile","file":"C:/Users/KryTwo/GolandProjects/bcgen/barcode-generator/app/controller.go","line":36},"msg":"success csvreader.Read"}
{"time":"2026-01-21T16:19:34.4281338+03:00","level":"INFO","source":{"function":"barcode-app/app.(*Controller).RegeneratePreview","file":"C:/Users/KryTwo/GolandProjects/bcgen/barcode-generator/app/controller.go","line":139},"msg":"try RegeneratePreview"}
{"time":"2026-01-21T16:19:34.4281338+03:00","level":"INFO","source":{"function":"barcode-app/app.(*Controller).RegeneratePreview","file":"C:/Users/KryTwo/GolandProjects/bcgen/barcode-generator/app/controller.go","line":144},"msg":"try GenerateCode128"}
{"time":"2026-01-21T16:19:34.4281338+03:00","level":"INFO","source":{"function":"barcode-app/app.(*Controller).RegeneratePreview","file":"C:/Users/KryTwo/GolandProjects/bcgen/barcode-generator/app/controller.go","line":146},"msg":"done GenerateCode128"}
{"time":"2026-01-21T16:19:34.4281338+03:00","level":"INFO","source":{"function":"barcode-app/app.(*Controller).RegeneratePreview","file":"C:/Users/KryTwo/GolandProjects/bcgen/barcode-generator/app/controller.go","line":153},"msg":"try MakePDF"}
{"time":"2026-01-21T16:19:34.4295157+03:00","level":"INFO","source":{"function":"barcode-app/layout.MakePDF","file":"C:/Users/KryTwo/GolandProjects/bcgen/barcode-generator/layout/pdf.go","line":175},"msg":"not try to save to file in pdf.go"}
{"time":"2026-01-21T16:19:34.4301643+03:00","level":"INFO","source":{"function":"barcode-app/layout.MakePDF","file":"C:/Users/KryTwo/GolandProjects/bcgen/barcode-generator/layout/pdf.go","line":180},"msg":"pdf get len pdfbytes"}
{"time":"2026-01-21T16:19:34.4301643+03:00","level":"INFO","source":{"function":"barcode-app/layout.MakePDF","file":"C:/Users/KryTwo/GolandProjects/bcgen/barcode-generator/layout/pdf.go","line":181},"msg":"391277"}
{"time":"2026-01-21T16:19:34.4301643+03:00","level":"INFO","source":{"function":"barcode-app/app.(*Controller).RegeneratePreview","file":"C:/Users/KryTwo/GolandProjects/bcgen/barcode-generator/app/controller.go","line":155},"msg":"done MakePDF"}
{"time":"2026-01-21T16:19:34.4301643+03:00","level":"INFO","source":{"function":"barcode-app/app.(*Controller).RegeneratePreview","file":"C:/Users/KryTwo/GolandProjects/bcgen/barcode-generator/app/controller.go","line":157},"msg":"try BytesPdfToPNGConvert"}
{"time":"2026-01-21T16:19:34.4742733+03:00","level":"INFO","source":{"function":"barcode-app/app.(*Controller).RegeneratePreview","file":"C:/Users/KryTwo/GolandProjects/bcgen/barcode-generator/app/controller.go","line":162},"msg":"done BytesPdfToPNGConvert"}
{"time":"2026-01-21T16:19:34.475262+03:00","level":"INFO","source":{"function":"barcode-app/app.(*Controller).RegeneratePreview","file":"C:/Users/KryTwo/GolandProjects/bcgen/barcode-generator/app/controller.go","line":167},"msg":"done RegeneratePreview"}
{"time":"2026-01-21T16:19:34.475262+03:00","level":"INFO","source":{"function":"barcode-app/gui.makeOpenFile.func1.1","file":"C:/Users/KryTwo/GolandProjects/bcgen/barcode-generator/gui/openFile.go","line":56},"msg":"try RegeneradePreview"}
{"time":"2026-01-21T16:19:34.475262+03:00","level":"INFO","source":{"function":"barcode-app/app.(*Controller).RegeneratePreview","file":"C:/Users/KryTwo/GolandProjects/bcgen/barcode-generator/app/controller.go","line":139},"msg":"try RegeneratePreview"}
{"time":"2026-01-21T16:19:34.475262+03:00","level":"INFO","source":{"function":"barcode-app/app.(*Controller).RegeneratePreview","file":"C:/Users/KryTwo/GolandProjects/bcgen/barcode-generator/app/controller.go","line":144},"msg":"try GenerateCode128"}
{"time":"2026-01-21T16:19:34.475262+03:00","level":"INFO","source":{"function":"barcode-app/app.(*Controller).RegeneratePreview","file":"C:/Users/KryTwo/GolandProjects/bcgen/barcode-generator/app/controller.go","line":146},"msg":"done GenerateCode128"}
{"time":"2026-01-21T16:19:34.475262+03:00","level":"INFO","source":{"function":"barcode-app/app.(*Controller).RegeneratePreview","file":"C:/Users/KryTwo/GolandProjects/bcgen/barcode-generator/app/controller.go","line":153},"msg":"try MakePDF"}
{"time":"2026-01-21T16:19:34.4762825+03:00","level":"INFO","source":{"function":"barcode-app/layout.MakePDF","file":"C:/Users/KryTwo/GolandProjects/bcgen/barcode-generator/layout/pdf.go","line":175},"msg":"not try to save to file in pdf.go"}
{"time":"2026-01-21T16:19:34.4762825+03:00","level":"INFO","source":{"function":"barcode-app/layout.MakePDF","file":"C:/Users/KryTwo/GolandProjects/bcgen/barcode-generator/layout/pdf.go","line":180},"msg":"pdf get len pdfbytes"}
{"time":"2026-01-21T16:19:34.4762825+03:00","level":"INFO","source":{"function":"barcode-app/layout.MakePDF","file":"C:/Users/KryTwo/GolandProjects/bcgen/barcode-generator/layout/pdf.go","line":181},"msg":"391277"}
{"time":"2026-01-21T16:19:34.4762825+03:00","level":"INFO","source":{"function":"barcode-app/app.(*Controller).RegeneratePreview","file":"C:/Users/KryTwo/GolandProjects/bcgen/barcode-generator/app/controller.go","line":155},"msg":"done MakePDF"}
{"time":"2026-01-21T16:19:34.4762825+03:00","level":"INFO","source":{"function":"barcode-app/app.(*Controller).RegeneratePreview","file":"C:/Users/KryTwo/GolandProjects/bcgen/barcode-generator/app/controller.go","line":157},"msg":"try BytesPdfToPNGConvert"}
{"time":"2026-01-21T16:19:34.5122899+03:00","level":"INFO","source":{"function":"barcode-app/app.(*Controller).RegeneratePreview","file":"C:/Users/KryTwo/GolandProjects/bcgen/barcode-generator/app/controller.go","line":162},"msg":"done BytesPdfToPNGConvert"}
{"time":"2026-01-21T16:19:34.513349+03:00","level":"INFO","source":{"function":"barcode-app/app.(*Controller).RegeneratePreview","file":"C:/Users/KryTwo/GolandProjects/bcgen/barcode-generator/app/controller.go","line":167},"msg":"done RegeneratePreview"}
{"time":"2026-01-21T16:19:34.513349+03:00","level":"INFO","source":{"function":"barcode-app/gui.makeOpenFile.func1.1","file":"C:/Users/KryTwo/GolandProjects/bcgen/barcode-generator/gui/openFile.go","line":58},"msg":"success RegeneradePreview"}
{"time":"2026-01-21T16:24:46.7769754+03:00","level":"INFO","source":{"function":"main.main","file":"C:/Users/KryTwo/GolandProjects/bcgen/barcode-generator/main.go","line":14},"msg":"start main"}
{"time":"2026-01-21T16:24:46.8273128+03:00","level":"INFO","source":{"function":"barcode-app/app.(*Controller).RegeneratePreview","file":"C:/Users/KryTwo/GolandProjects/bcgen/barcode-generator/app/controller.go","line":140},"msg":"try RegeneratePreview"}
{"time":"2026-01-21T16:24:46.8284533+03:00","level":"INFO","source":{"function":"barcode-app/gui.makeOpenFile","file":"C:/Users/KryTwo/GolandProjects/bcgen/barcode-generator/gui/openFile.go","line":22},"msg":"start makeOpenFile"}
{"time":"2026-01-21T16:24:48.0453353+03:00","level":"INFO","source":{"function":"barcode-app/gui.makeOpenFile.func1","file":"C:/Users/KryTwo/GolandProjects/bcgen/barcode-generator/gui/openFile.go","line":25},"msg":"попытка открытия файла"}
{"time":"2026-01-21T16:24:48.6625689+03:00","level":"INFO","source":{"function":"barcode-app/gui.makeOpenFile.func1.1","file":"C:/Users/KryTwo/GolandProjects/bcgen/barcode-generator/gui/openFile.go","line":34},"msg":"проверка на нажатие отмены"}
{"time":"2026-01-21T16:24:48.6625689+03:00","level":"INFO","source":{"function":"barcode-app/gui.makeOpenFile.func1.1","file":"C:/Users/KryTwo/GolandProjects/bcgen/barcode-generator/gui/openFile.go","line":41},"msg":"попытка чтения файла"}
{"time":"2026-01-21T16:24:48.6625689+03:00","level":"INFO","source":{"function":"barcode-app/gui.makeOpenFile.func1.1","file":"C:/Users/KryTwo/GolandProjects/bcgen/barcode-generator/gui/openFile.go","line":49},"msg":"try ProcessFile"}
{"time":"2026-01-21T16:24:48.6625689+03:00","level":"INFO","source":{"function":"barcode-app/app.(*Controller).ProcessFile","file":"C:/Users/KryTwo/GolandProjects/bcgen/barcode-generator/app/controller.go","line":35},"msg":"try csvreader.Read"}
{"time":"2026-01-21T16:24:48.6625689+03:00","level":"INFO","source":{"function":"barcode-app/app.(*Controller).ProcessFile","file":"C:/Users/KryTwo/GolandProjects/bcgen/barcode-generator/app/controller.go","line":37},"msg":"success csvreader.Read"}
{"time":"2026-01-21T16:24:48.6625689+03:00","level":"INFO","source":{"function":"barcode-app/app.(*Controller).RegeneratePreview","file":"C:/Users/KryTwo/GolandProjects/bcgen/barcode-generator/app/controller.go","line":140},"msg":"try RegeneratePreview"}
{"time":"2026-01-21T16:24:48.6625689+03:00","level":"INFO","source":{"function":"barcode-app/app.(*Controller).RegeneratePreview","file":"C:/Users/KryTwo/GolandProjects/bcgen/barcode-generator/app/controller.go","line":145},"msg":"try GenerateCode128"}
{"time":"2026-01-21T16:24:48.6625689+03:00","level":"INFO","source":{"function":"barcode-app/app.(*Controller).RegeneratePreview","file":"C:/Users/KryTwo/GolandProjects/bcgen/barcode-generator/app/controller.go","line":147},"msg":"done GenerateCode128"}
{"time":"2026-01-21T16:24:48.6625689+03:00","level":"INFO","source":{"function":"barcode-app/app.(*Controller).RegeneratePreview","file":"C:/Users/KryTwo/GolandProjects/bcgen/barcode-generator/app/controller.go","line":154},"msg":"try MakePDF"}
{"time":"2026-01-21T16:30:23.1442956+03:00","level":"INFO","source":{"function":"main.main","file":"C:/Users/KryTwo/GolandProjects/bcgen/barcode-generator/main.go","line":14},"msg":"start main"}
{"time":"2026-01-21T16:30:23.1890942+03:00","level":"INFO","source":{"function":"barcode-app/app.(*Controller).RegeneratePreview","file":"C:/Users/KryTwo/GolandProjects/bcgen/barcode-generator/app/controller.go","line":140},"msg":"try RegeneratePreview"}
{"time":"2026-01-21T16:30:23.189642+03:00","level":"INFO","source":{"function":"barcode-app/gui.makeOpenFile","file":"C:/Users/KryTwo/GolandProjects/bcgen/barcode-generator/gui/openFile.go","line":22},"msg":"start makeOpenFile"}
{"time":"2026-01-21T16:30:24.3461232+03:00","level":"INFO","source":{"function":"barcode-app/gui.makeOpenFile.func1","file":"C:/Users/KryTwo/GolandProjects/bcgen/barcode-generator/gui/openFile.go","line":25},"msg":"попытка открытия файла"}
{"time":"2026-01-21T16:30:25.2469125+03:00","level":"INFO","source":{"function":"barcode-app/gui.makeOpenFile.func1.1","file":"C:/Users/KryTwo/GolandProjects/bcgen/barcode-generator/gui/openFile.go","line":34},"msg":"проверка на нажатие отмены"}
{"time":"2026-01-21T16:30:25.2469125+03:00","level":"INFO","source":{"function":"barcode-app/gui.makeOpenFile.func1.1","file":"C:/Users/KryTwo/GolandProjects/bcgen/barcode-generator/gui/openFile.go","line":41},"msg":"попытка чтения файла"}
{"time":"2026-01-21T16:30:25.2469125+03:00","level":"INFO","source":{"function":"barcode-app/gui.makeOpenFile.func1.1","file":"C:/Users/KryTwo/GolandProjects/bcgen/barcode-generator/gui/openFile.go","line":49},"msg":"try ProcessFile"}
{"time":"2026-01-21T16:30:25.2469125+03:00","level":"INFO","source":{"function":"barcode-app/app.(*Controller).ProcessFile","file":"C:/Users/KryTwo/GolandProjects/bcgen/barcode-generator/app/controller.go","line":35},"msg":"try csvreader.Read"}
{"time":"2026-01-21T16:30:25.2469125+03:00","level":"INFO","source":{"function":"barcode-app/app.(*Controller).ProcessFile","file":"C:/Users/KryTwo/GolandProjects/bcgen/barcode-generator/app/controller.go","line":37},"msg":"success csvreader.Read"}
{"time":"2026-01-21T16:30:25.2469125+03:00","level":"INFO","source":{"function":"barcode-app/app.(*Controller).RegeneratePreview","file":"C:/Users/KryTwo/GolandProjects/bcgen/barcode-generator/app/controller.go","line":140},"msg":"try RegeneratePreview"}
{"time":"2026-01-21T16:30:25.2469125+03:00","level":"INFO","source":{"function":"barcode-app/app.(*Controller).RegeneratePreview","file":"C:/Users/KryTwo/GolandProjects/bcgen/barcode-generator/app/controller.go","line":145},"msg":"try GenerateCode128"}
{"time":"2026-01-21T16:30:25.2469125+03:00","level":"INFO","source":{"function":"barcode-app/app.(*Controller).RegeneratePreview","file":"C:/Users/KryTwo/GolandProjects/bcgen/barcode-generator/app/controller.go","line":147},"msg":"done GenerateCode128"}
{"time":"2026-01-21T16:30:25.2469125+03:00","level":"INFO","source":{"function":"barcode-app/app.(*Controller).RegeneratePreview","file":"C:/Users/KryTwo/GolandProjects/bcgen/barcode-generator/app/controller.go","line":154},"msg":"try MakePDF"}
{"time":"2026-01-21T16:30:53.5416515+03:00","level":"INFO","source":{"function":"main.main","file":"C:/Users/KryTwo/GolandProjects/bcgen/barcode-generator/main.go","line":14},"msg":"start main"}
{"time":"2026-01-21T16:30:53.5856685+03:00","level":"INFO","source":{"function":"barcode-app/app.(*Controller).RegeneratePreview","file":"C:/Users/KryTwo/GolandProjects/bcgen/barcode-generator/app/controller.go","line":140},"msg":"try RegeneratePreview"}
{"time":"2026-01-21T16:30:53.5862559+03:00","level":"INFO","source":{"function":"barcode-app/gui.makeOpenFile","file":"C:/Users/KryTwo/GolandProjects/bcgen/barcode-generator/gui/openFile.go","line":22},"msg":"start makeOpenFile"}
{"time":"2026-01-21T16:30:54.8530581+03:00","level":"INFO","source":{"function":"barcode-app/gui.makeOpenFile.func1","file":"C:/Users/KryTwo/GolandProjects/bcgen/barcode-generator/gui/openFile.go","line":25},"msg":"попытка открытия файла"}
{"time":"2026-01-21T16:30:55.8360571+03:00","level":"INFO","source":{"function":"barcode-app/gui.makeOpenFile.func1.1","file":"C:/Users/KryTwo/GolandProjects/bcgen/barcode-generator/gui/openFile.go","line":34},"msg":"проверка на нажатие отмены"}
{"time":"2026-01-21T16:30:55.8360571+03:00","level":"INFO","source":{"function":"barcode-app/gui.makeOpenFile.func1.1","file":"C:/Users/KryTwo/GolandProjects/bcgen/barcode-generator/gui/openFile.go","line":41},"msg":"попытка чтения файла"}
{"time":"2026-01-21T16:30:55.8360571+03:00","level":"INFO","source":{"function":"barcode-app/gui.makeOpenFile.func1.1","file":"C:/Users/KryTwo/GolandProjects/bcgen/barcode-generator/gui/openFile.go","line":49},"msg":"try ProcessFile"}
{"time":"2026-01-21T16:30:55.8360571+03:00","level":"INFO","source":{"function":"barcode-app/app.(*Controller).ProcessFile","file":"C:/Users/KryTwo/GolandProjects/bcgen/barcode-generator/app/controller.go","line":35},"msg":"try csvreader.Read"}
{"time":"2026-01-21T16:30:55.8360571+03:00","level":"INFO","source":{"function":"barcode-app/app.(*Controller).ProcessFile","file":"C:/Users/KryTwo/GolandProjects/bcgen/barcode-generator/app/controller.go","line":37},"msg":"success csvreader.Read"}
{"time":"2026-01-21T16:30:55.8360571+03:00","level":"INFO","source":{"function":"barcode-app/app.(*Controller).RegeneratePreview","file":"C:/Users/KryTwo/GolandProjects/bcgen/barcode-generator/app/controller.go","line":140},"msg":"try RegeneratePreview"}
{"time":"2026-01-21T16:30:55.8360571+03:00","level":"INFO","source":{"function":"barcode-app/app.(*Controller).RegeneratePreview","file":"C:/Users/KryTwo/GolandProjects/bcgen/barcode-generator/app/controller.go","line":145},"msg":"try GenerateCode128"}
{"time":"2026-01-21T16:30:55.8360571+03:00","level":"INFO","source":{"function":"barcode-app/app.(*Controller).RegeneratePreview","file":"C:/Users/KryTwo/GolandProjects/bcgen/barcode-generator/app/controller.go","line":147},"msg":"done GenerateCode128"}
{"time":"2026-01-21T16:30:55.8360571+03:00","level":"INFO","source":{"function":"barcode-app/app.(*Controller).RegeneratePreview","file":"C:/Users/KryTwo/GolandProjects/bcgen/barcode-generator/app/controller.go","line":154},"msg":"try MakePDF"}
{"time":"2026-01-21T16:30:55.8389279+03:00","level":"INFO","source":{"function":"barcode-app/layout.MakePDF","file":"C:/Users/KryTwo/GolandProjects/bcgen/barcode-generator/layout/pdf.go","line":175},"msg":"not try to save to file in pdf.go"}
{"time":"2026-01-21T16:30:55.8399734+03:00","level":"INFO","source":{"function":"barcode-app/layout.MakePDF","file":"C:/Users/KryTwo/GolandProjects/bcgen/barcode-generator/layout/pdf.go","line":180},"msg":"pdf get len pdfbytes"}
{"time":"2026-01-21T16:30:55.8399734+03:00","level":"INFO","source":{"function":"barcode-app/layout.MakePDF","file":"C:/Users/KryTwo/GolandProjects/bcgen/barcode-generator/layout/pdf.go","line":181},"msg":"396294"}
{"time":"2026-01-21T16:30:55.8399734+03:00","level":"INFO","source":{"function":"barcode-app/app.(*Controller).RegeneratePreview","file":"C:/Users/KryTwo/GolandProjects/bcgen/barcode-generator/app/controller.go","line":160},"msg":"done MakePDF"}
{"time":"2026-01-21T16:30:55.8399734+03:00","level":"INFO","source":{"function":"barcode-app/app.(*Controller).RegeneratePreview","file":"C:/Users/KryTwo/GolandProjects/bcgen/barcode-generator/app/controller.go","line":162},"msg":"try BytesPdfToPNGConvert"}
{"time":"2026-01-21T16:30:55.8852429+03:00","level":"INFO","source":{"function":"barcode-app/app.(*Controller).RegeneratePreview","file":"C:/Users/KryTwo/GolandProjects/bcgen/barcode-generator/app/controller.go","line":165},"msg":"done BytesPdfToPNGConvert"}
{"time":"2026-01-21T16:30:55.8862269+03:00","level":"INFO","source":{"function":"barcode-app/app.(*Controller).RegeneratePreview","file":"C:/Users/KryTwo/GolandProjects/bcgen/barcode-generator/app/controller.go","line":170},"msg":"done RegeneratePreview"}
{"time":"2026-01-21T16:30:55.8862269+03:00","level":"INFO","source":{"function":"barcode-app/gui.makeOpenFile.func1.1","file":"C:/Users/KryTwo/GolandProjects/bcgen/barcode-generator/gui/openFile.go","line":56},"msg":"try RegeneradePreview"}
{"time":"2026-01-21T16:30:55.8862269+03:00","level":"INFO","source":{"function":"barcode-app/app.(*Controller).RegeneratePreview","file":"C:/Users/KryTwo/GolandProjects/bcgen/barcode-generator/app/controller.go","line":140},"msg":"try RegeneratePreview"}
{"time":"2026-01-21T16:30:55.8862269+03:00","level":"INFO","source":{"function":"barcode-app/app.(*Controller).RegeneratePreview","file":"C:/Users/KryTwo/GolandProjects/bcgen/barcode-generator/app/controller.go","line":145},"msg":"try GenerateCode128"}
{"time":"2026-01-21T16:30:55.8862269+03:00","level":"INFO","source":{"function":"barcode-app/app.(*Controller).RegeneratePreview","file":"C:/Users/KryTwo/GolandProjects/bcgen/barcode-generator/app/controller.go","line":147},"msg":"done GenerateCode128"}
{"time":"2026-01-21T16:30:55.8862269+03:00","level":"INFO","source":{"function":"barcode-app/app.(*Controller).RegeneratePreview","file":"C:/Users/KryTwo/GolandProjects/bcgen/barcode-generator/app/controller.go","line":154},"msg":"try MakePDF"}
{"time":"2026-01-21T16:30:55.8892275+03:00","level":"INFO","source":{"function":"barcode-app/layout.MakePDF","file":"C:/Users/KryTwo/GolandProjects/bcgen/barcode-generator/layout/pdf.go","line":175},"msg":"not try to save to file in pdf.go"}
{"time":"2026-01-21T16:30:55.8901626+03:00","level":"INFO","source":{"function":"barcode-app/layout.MakePDF","file":"C:/Users/KryTwo/GolandProjects/bcgen/barcode-generator/layout/pdf.go","line":180},"msg":"pdf get len pdfbytes"}
{"time":"2026-01-21T16:30:55.8901626+03:00","level":"INFO","source":{"function":"barcode-app/layout.MakePDF","file":"C:/Users/KryTwo/GolandProjects/bcgen/barcode-generator/layout/pdf.go","line":181},"msg":"396294"}
{"time":"2026-01-21T16:30:55.8901626+03:00","level":"INFO","source":{"function":"barcode-app/app.(*Controller).RegeneratePreview","file":"C:/Users/KryTwo/GolandProjects/bcgen/barcode-generator/app/controller.go","line":160},"msg":"done MakePDF"}
{"time":"2026-01-21T16:30:55.8901626+03:00","level":"INFO","source":{"function":"barcode-app/app.(*Controller).RegeneratePreview","file":"C:/Users/KryTwo/GolandProjects/bcgen/barcode-generator/app/controller.go","line":162},"msg":"try BytesPdfToPNGConvert"}
{"time":"2026-01-21T16:30:55.9281355+03:00","level":"INFO","source":{"function":"barcode-app/app.(*Controller).RegeneratePreview","file":"C:/Users/KryTwo/GolandProjects/bcgen/barcode-generator/app/controller.go","line":165},"msg":"done BytesPdfToPNGConvert"}
{"time":"2026-01-21T16:30:55.9281355+03:00","level":"INFO","source":{"function":"barcode-app/app.(*Controller).RegeneratePreview","file":"C:/Users/KryTwo/GolandProjects/bcgen/barcode-generator/app/controller.go","line":170},"msg":"done RegeneratePreview"}
{"time":"2026-01-21T16:30:55.9281355+03:00","level":"INFO","source":{"function":"barcode-app/gui.makeOpenFile.func1.1","file":"C:/Users/KryTwo/GolandProjects/bcgen/barcode-generator/gui/openFile.go","line":58},"msg":"success RegeneradePreview"}
{"time":"2026-01-21T16:31:16.0948753+03:00","level":"INFO","source":{"function":"main.main","file":"C:/Users/KryTwo/GolandProjects/bcgen/barcode-generator/main.go","line":14},"msg":"start main"}
{"time":"2026-01-21T16:31:16.1368978+03:00","level":"INFO","source":{"function":"barcode-app/app.(*Controller).RegeneratePreview","file":"C:/Users/KryTwo/GolandProjects/bcgen/barcode-generator/app/controller.go","line":140},"msg":"try RegeneratePreview"}
{"time":"2026-01-21T16:31:16.1374913+03:00","level":"INFO","source":{"function":"barcode-app/gui.makeOpenFile","file":"C:/Users/KryTwo/GolandProjects/bcgen/barcode-generator/gui/openFile.go","line":22},"msg":"start makeOpenFile"}
{"time":"2026-01-21T16:31:17.2347259+03:00","level":"INFO","source":{"function":"barcode-app/gui.makeOpenFile.func1","file":"C:/Users/KryTwo/GolandProjects/bcgen/barcode-generator/gui/openFile.go","line":25},"msg":"попытка открытия файла"}
{"time":"2026-01-21T16:31:17.8178126+03:00","level":"INFO","source":{"function":"barcode-app/gui.makeOpenFile.func1.1","file":"C:/Users/KryTwo/GolandProjects/bcgen/barcode-generator/gui/openFile.go","line":34},"msg":"проверка на нажатие отмены"}
{"time":"2026-01-21T16:31:17.8178126+03:00","level":"INFO","source":{"function":"barcode-app/gui.makeOpenFile.func1.1","file":"C:/Users/KryTwo/GolandProjects/bcgen/barcode-generator/gui/openFile.go","line":41},"msg":"попытка чтения файла"}
{"time":"2026-01-21T16:31:17.8178126+03:00","level":"INFO","source":{"function":"barcode-app/gui.makeOpenFile.func1.1","file":"C:/Users/KryTwo/GolandProjects/bcgen/barcode-generator/gui/openFile.go","line":49},"msg":"try ProcessFile"}
{"time":"2026-01-21T16:31:17.8178126+03:00","level":"INFO","source":{"function":"barcode-app/app.(*Controller).ProcessFile","file":"C:/Users/KryTwo/GolandProjects/bcgen/barcode-generator/app/controller.go","line":35},"msg":"try csvreader.Read"}
{"time":"2026-01-21T16:31:17.8178126+03:00","level":"INFO","source":{"function":"barcode-app/app.(*Controller).ProcessFile","file":"C:/Users/KryTwo/GolandProjects/bcgen/barcode-generator/app/controller.go","line":37},"msg":"success csvreader.Read"}
{"time":"2026-01-21T16:31:17.8178126+03:00","level":"INFO","source":{"function":"barcode-app/app.(*Controller).RegeneratePreview","file":"C:/Users/KryTwo/GolandProjects/bcgen/barcode-generator/app/controller.go","line":140},"msg":"try RegeneratePreview"}
{"time":"2026-01-21T16:31:17.8178126+03:00","level":"INFO","source":{"function":"barcode-app/app.(*Controller).RegeneratePreview","file":"C:/Users/KryTwo/GolandProjects/bcgen/barcode-generator/app/controller.go","line":145},"msg":"try GenerateCode128"}
{"time":"2026-01-21T16:31:17.8178126+03:00","level":"INFO","source":{"function":"barcode-app/app.(*Controller).RegeneratePreview","file":"C:/Users/KryTwo/GolandProjects/bcgen/barcode-generator/app/controller.go","line":147},"msg":"done GenerateCode128"}
{"time":"2026-01-21T16:31:17.8178126+03:00","level":"INFO","source":{"function":"barcode-app/app.(*Controller).RegeneratePreview","file":"C:/Users/KryTwo/GolandProjects/bcgen/barcode-generator/app/controller.go","line":154},"msg":"try MakePDF"}
{"time":"2026-01-21T16:31:17.8195479+03:00","level":"INFO","source":{"function":"barcode-app/layout.MakePDF","file":"C:/Users/KryTwo/GolandProjects/bcgen/barcode-generator/layout/pdf.go","line":175},"msg":"not try to save to file in pdf.go"}
{"time":"2026-01-21T16:31:17.8195479+03:00","level":"INFO","source":{"function":"barcode-app/layout.MakePDF","file":"C:/Users/KryTwo/GolandProjects/bcgen/barcode-generator/layout/pdf.go","line":180},"msg":"pdf get len pdfbytes"}
{"time":"2026-01-21T16:31:17.8195479+03:00","level":"INFO","source":{"function":"barcode-app/layout.MakePDF","file":"C:/Users/KryTwo/GolandProjects/bcgen/barcode-generator/layout/pdf.go","line":181},"msg":"0"}
{"time":"2026-01-21T16:31:17.8200626+03:00","level":"ERROR","source":{"function":"barcode-app/logger.LogError","file":"C:/Users/KryTwo/GolandProjects/bcgen/barcode-generator/logger/logger.go","line":26},"msg":"cannot get PDFBytes","Ошибка":"empty pdfbytes"}
{"time":"2026-01-21T16:31:17.8200626+03:00","level":"INFO","source":{"function":"barcode-app/gui.makeOpenFile.func1.1","file":"C:/Users/KryTwo/GolandProjects/bcgen/barcode-generator/gui/openFile.go","line":56},"msg":"try RegeneradePreview"}
{"time":"2026-01-21T16:31:17.8200626+03:00","level":"INFO","source":{"function":"barcode-app/app.(*Controller).RegeneratePreview","file":"C:/Users/KryTwo/GolandProjects/bcgen/barcode-generator/app/controller.go","line":140},"msg":"try RegeneratePreview"}
{"time":"2026-01-21T16:31:17.8200626+03:00","level":"INFO","source":{"function":"barcode-app/app.(*Controller).RegeneratePreview","file":"C:/Users/KryTwo/GolandProjects/bcgen/barcode-generator/app/controller.go","line":145},"msg":"try GenerateCode128"}
{"time":"2026-01-21T16:31:17.8201148+03:00","level":"INFO","source":{"function":"barcode-app/app.(*Controller).RegeneratePreview","file":"C:/Users/KryTwo/GolandProjects/bcgen/barcode-generator/app/controller.go","line":147},"msg":"done GenerateCode128"}
{"time":"2026-01-21T16:31:17.8201148+03:00","level":"INFO","source":{"function":"barcode-app/app.(*Controller).RegeneratePreview","file":"C:/Users/KryTwo/GolandProjects/bcgen/barcode-generator/app/controller.go","line":154},"msg":"try MakePDF"}
{"time":"2026-01-21T16:31:17.821885+03:00","level":"INFO","source":{"function":"barcode-app/layout.MakePDF","file":"C:/Users/KryTwo/GolandProjects/bcgen/barcode-generator/layout/pdf.go","line":175},"msg":"not try to save to file in pdf.go"}
{"time":"2026-01-21T16:31:17.821885+03:00","level":"INFO","source":{"function":"barcode-app/layout.MakePDF","file":"C:/Users/KryTwo/GolandProjects/bcgen/barcode-generator/layout/pdf.go","line":180},"msg":"pdf get len pdfbytes"}
{"time":"2026-01-21T16:31:17.821885+03:00","level":"INFO","source":{"function":"barcode-app/layout.MakePDF","file":"C:/Users/KryTwo/GolandProjects/bcgen/barcode-generator/layout/pdf.go","line":181},"msg":"0"}
{"time":"2026-01-21T16:31:17.821885+03:00","level":"ERROR","source":{"function":"barcode-app/logger.LogError","file":"C:/Users/KryTwo/GolandProjects/bcgen/barcode-generator/logger/logger.go","line":26},"msg":"cannot get PDFBytes","Ошибка":"empty pdfbytes"}
{"time":"2026-01-21T16:31:17.821885+03:00","level":"INFO","source":{"function":"barcode-app/gui.makeOpenFile.func1.1","file":"C:/Users/KryTwo/GolandProjects/bcgen/barcode-generator/gui/openFile.go","line":58},"msg":"success RegeneradePreview"}
{"time":"2026-01-21T16:31:20.8870354+03:00","level":"INFO","source":{"function":"barcode-app/layout.MakePDF","file":"C:/Users/KryTwo/GolandProjects/bcgen/barcode-generator/layout/pdf.go","line":168},"msg":"try to save to file in pdf.go"}
{"time":"2026-01-21T16:31:22.2512057+03:00","level":"INFO","source":{"function":"barcode-app/gui.makeOpenFile.func1","file":"C:/Users/KryTwo/GolandProjects/bcgen/barcode-generator/gui/openFile.go","line":25},"msg":"попытка открытия файла"}
{"time":"2026-01-21T16:31:22.9678142+03:00","level":"INFO","source":{"function":"barcode-app/gui.makeOpenFile.func1.1","file":"C:/Users/KryTwo/GolandProjects/bcgen/barcode-generator/gui/openFile.go","line":34},"msg":"проверка на нажатие отмены"}
{"time":"2026-01-21T16:31:22.9678142+03:00","level":"INFO","source":{"function":"barcode-app/gui.makeOpenFile.func1.1","file":"C:/Users/KryTwo/GolandProjects/bcgen/barcode-generator/gui/openFile.go","line":41},"msg":"попытка чтения файла"}
{"time":"2026-01-21T16:31:22.9678142+03:00","level":"INFO","source":{"function":"barcode-app/gui.makeOpenFile.func1.1","file":"C:/Users/KryTwo/GolandProjects/bcgen/barcode-generator/gui/openFile.go","line":49},"msg":"try ProcessFile"}
{"time":"2026-01-21T16:31:22.9678142+03:00","level":"INFO","source":{"function":"barcode-app/app.(*Controller).ProcessFile","file":"C:/Users/KryTwo/GolandProjects/bcgen/barcode-generator/app/controller.go","line":35},"msg":"try csvreader.Read"}
{"time":"2026-01-21T16:31:22.9678142+03:00","level":"INFO","source":{"function":"barcode-app/app.(*Controller).ProcessFile","file":"C:/Users/KryTwo/GolandProjects/bcgen/barcode-generator/app/controller.go","line":37},"msg":"success csvreader.Read"}
{"time":"2026-01-21T16:31:22.9678142+03:00","level":"INFO","source":{"function":"barcode-app/app.(*Controller).RegeneratePreview","file":"C:/Users/KryTwo/GolandProjects/bcgen/barcode-generator/app/controller.go","line":140},"msg":"try RegeneratePreview"}
{"time":"2026-01-21T16:31:22.9678142+03:00","level":"INFO","source":{"function":"barcode-app/app.(*Controller).RegeneratePreview","file":"C:/Users/KryTwo/GolandProjects/bcgen/barcode-generator/app/controller.go","line":145},"msg":"try GenerateCode128"}
{"time":"2026-01-21T16:31:22.9678142+03:00","level":"INFO","source":{"function":"barcode-app/app.(*Controller).RegeneratePreview","file":"C:/Users/KryTwo/GolandProjects/bcgen/barcode-generator/app/controller.go","line":147},"msg":"done GenerateCode128"}
{"time":"2026-01-21T16:31:22.9678142+03:00","level":"INFO","source":{"function":"barcode-app/app.(*Controller).RegeneratePreview","file":"C:/Users/KryTwo/GolandProjects/bcgen/barcode-generator/app/controller.go","line":154},"msg":"try MakePDF"}
{"time":"2026-01-21T16:31:22.9678142+03:00","level":"INFO","source":{"function":"barcode-app/layout.MakePDF","file":"C:/Users/KryTwo/GolandProjects/bcgen/barcode-generator/layout/pdf.go","line":175},"msg":"not try to save to file in pdf.go"}
{"time":"2026-01-21T16:31:22.9678142+03:00","level":"INFO","source":{"function":"barcode-app/layout.MakePDF","file":"C:/Users/KryTwo/GolandProjects/bcgen/barcode-generator/layout/pdf.go","line":180},"msg":"pdf get len pdfbytes"}
{"time":"2026-01-21T16:31:22.9678142+03:00","level":"INFO","source":{"function":"barcode-app/layout.MakePDF","file":"C:/Users/KryTwo/GolandProjects/bcgen/barcode-generator/layout/pdf.go","line":181},"msg":"0"}
{"time":"2026-01-21T16:31:22.9678142+03:00","level":"ERROR","source":{"function":"barcode-app/logger.LogError","file":"C:/Users/KryTwo/GolandProjects/bcgen/barcode-generator/logger/logger.go","line":26},"msg":"cannot get PDFBytes","Ошибка":"empty pdfbytes"}
{"time":"2026-01-21T16:31:22.9678142+03:00","level":"INFO","source":{"function":"barcode-app/gui.makeOpenFile.func1.1","file":"C:/Users/KryTwo/GolandProjects/bcgen/barcode-generator/gui/openFile.go","line":56},"msg":"try RegeneradePreview"}
{"time":"2026-01-21T16:31:22.9678142+03:00","level":"INFO","source":{"function":"barcode-app/app.(*Controller).RegeneratePreview","file":"C:/Users/KryTwo/GolandProjects/bcgen/barcode-generator/app/controller.go","line":140},"msg":"try RegeneratePreview"}
{"time":"2026-01-21T16:31:22.9678142+03:00","level":"INFO","source":{"function":"barcode-app/app.(*Controller).RegeneratePreview","file":"C:/Users/KryTwo/GolandProjects/bcgen/barcode-generator/app/controller.go","line":145},"msg":"try GenerateCode128"}
{"time":"2026-01-21T16:31:22.9678142+03:00","level":"INFO","source":{"function":"barcode-app/app.(*Controller).RegeneratePreview","file":"C:/Users/KryTwo/GolandProjects/bcgen/barcode-generator/app/controller.go","line":147},"msg":"done GenerateCode128"}
{"time":"2026-01-21T16:31:22.9678142+03:00","level":"INFO","source":{"function":"barcode-app/app.(*Controller).RegeneratePreview","file":"C:/Users/KryTwo/GolandProjects/bcgen/barcode-generator/app/controller.go","line":154},"msg":"try MakePDF"}
{"time":"2026-01-21T16:31:22.9683918+03:00","level":"INFO","source":{"function":"barcode-app/layout.MakePDF","file":"C:/Users/KryTwo/GolandProjects/bcgen/barcode-generator/layout/pdf.go","line":175},"msg":"not try to save to file in pdf.go"}
{"time":"2026-01-21T16:31:22.9683918+03:00","level":"INFO","source":{"function":"barcode-app/layout.MakePDF","file":"C:/Users/KryTwo/GolandProjects/bcgen/barcode-generator/layout/pdf.go","line":180},"msg":"pdf get len pdfbytes"}
{"time":"2026-01-21T16:31:22.9683918+03:00","level":"INFO","source":{"function":"barcode-app/layout.MakePDF","file":"C:/Users/KryTwo/GolandProjects/bcgen/barcode-generator/layout/pdf.go","line":181},"msg":"0"}
{"time":"2026-01-21T16:31:22.9683918+03:00","level":"ERROR","source":{"function":"barcode-app/logger.LogError","file":"C:/Users/KryTwo/GolandProjects/bcgen/barcode-generator/logger/logger.go","line":26},"msg":"cannot get PDFBytes","Ошибка":"empty pdfbytes"}
{"time":"2026-01-21T16:31:22.9683918+03:00","level":"INFO","source":{"function":"barcode-app/gui.makeOpenFile.func1.1","file":"C:/Users/KryTwo/GolandProjects/bcgen/barcode-generator/gui/openFile.go","line":58},"msg":"success RegeneradePreview"}
{"time":"2026-01-21T16:31:33.323075+03:00","level":"INFO","source":{"function":"main.main","file":"C:/Users/KryTwo/GolandProjects/bcgen/barcode-generator/main.go","line":14},"msg":"start main"}
{"time":"2026-01-21T16:31:33.3674418+03:00","level":"INFO","source":{"function":"barcode-app/app.(*Controller).RegeneratePreview","file":"C:/Users/KryTwo/GolandProjects/bcgen/barcode-generator/app/controller.go","line":140},"msg":"try RegeneratePreview"}
{"time":"2026-01-21T16:31:33.3680296+03:00","level":"INFO","source":{"function":"barcode-app/gui.makeOpenFile","file":"C:/Users/KryTwo/GolandProjects/bcgen/barcode-generator/gui/openFile.go","line":22},"msg":"start makeOpenFile"}
{"time":"2026-01-21T16:31:34.7800346+03:00","level":"INFO","source":{"function":"barcode-app/gui.makeOpenFile.func1","file":"C:/Users/KryTwo/GolandProjects/bcgen/barcode-generator/gui/openFile.go","line":25},"msg":"попытка открытия файла"}
{"time":"2026-01-21T16:31:35.5466284+03:00","level":"INFO","source":{"function":"barcode-app/gui.makeOpenFile.func1.1","file":"C:/Users/KryTwo/GolandProjects/bcgen/barcode-generator/gui/openFile.go","line":34},"msg":"проверка на нажатие отмены"}
{"time":"2026-01-21T16:31:35.5466284+03:00","level":"INFO","source":{"function":"barcode-app/gui.makeOpenFile.func1.1","file":"C:/Users/KryTwo/GolandProjects/bcgen/barcode-generator/gui/openFile.go","line":41},"msg":"попытка чтения файла"}
{"time":"2026-01-21T16:31:35.5466284+03:00","level":"INFO","source":{"function":"barcode-app/gui.makeOpenFile.func1.1","file":"C:/Users/KryTwo/GolandProjects/bcgen/barcode-generator/gui/openFile.go","line":49},"msg":"try ProcessFile"}
{"time":"2026-01-21T16:31:35.5466284+03:00","level":"INFO","source":{"function":"barcode-app/app.(*Controller).ProcessFile","file":"C:/Users/KryTwo/GolandProjects/bcgen/barcode-generator/app/controller.go","line":35},"msg":"try csvreader.Read"}
{"time":"2026-01-21T16:31:35.5466284+03:00","level":"INFO","source":{"function":"barcode-app/app.(*Controller).ProcessFile","file":"C:/Users/KryTwo/GolandProjects/bcgen/barcode-generator/app/controller.go","line":37},"msg":"success csvreader.Read"}
{"time":"2026-01-21T16:31:35.5466284+03:00","level":"INFO","source":{"function":"barcode-app/app.(*Controller).RegeneratePreview","file":"C:/Users/KryTwo/GolandProjects/bcgen/barcode-generator/app/controller.go","line":140},"msg":"try RegeneratePreview"}
{"time":"2026-01-21T16:31:35.5466284+03:00","level":"INFO","source":{"function":"barcode-app/app.(*Controller).RegeneratePreview","file":"C:/Users/KryTwo/GolandProjects/bcgen/barcode-generator/app/controller.go","line":145},"msg":"try GenerateCode128"}
{"time":"2026-01-21T16:31:35.5466284+03:00","level":"INFO","source":{"function":"barcode-app/app.(*Controller).RegeneratePreview","file":"C:/Users/KryTwo/GolandProjects/bcgen/barcode-generator/app/controller.go","line":147},"msg":"done GenerateCode128"}
{"time":"2026-01-21T16:31:35.5466284+03:00","level":"INFO","source":{"function":"barcode-app/app.(*Controller).RegeneratePreview","file":"C:/Users/KryTwo/GolandProjects/bcgen/barcode-generator/app/controller.go","line":154},"msg":"try MakePDF"}
{"time":"2026-01-21T16:31:35.547277+03:00","level":"INFO","source":{"function":"barcode-app/layout.MakePDF","file":"C:/Users/KryTwo/GolandProjects/bcgen/barcode-generator/layout/pdf.go","line":175},"msg":"not try to save to file in pdf.go"}
{"time":"2026-01-21T16:31:35.5484083+03:00","level":"INFO","source":{"function":"barcode-app/layout.MakePDF","file":"C:/Users/KryTwo/GolandProjects/bcgen/barcode-generator/layout/pdf.go","line":180},"msg":"pdf get len pdfbytes"}
{"time":"2026-01-21T16:31:35.5484083+03:00","level":"INFO","source":{"function":"barcode-app/layout.MakePDF","file":"C:/Users/KryTwo/GolandProjects/bcgen/barcode-generator/layout/pdf.go","line":181},"msg":"1583"}
{"time":"2026-01-21T16:31:35.5484083+03:00","level":"INFO","source":{"function":"barcode-app/app.(*Controller).RegeneratePreview","file":"C:/Users/KryTwo/GolandProjects/bcgen/barcode-generator/app/controller.go","line":160},"msg":"done MakePDF"}
{"time":"2026-01-21T16:31:35.5484083+03:00","level":"INFO","source":{"function":"barcode-app/app.(*Controller).RegeneratePreview","file":"C:/Users/KryTwo/GolandProjects/bcgen/barcode-generator/app/controller.go","line":162},"msg":"try BytesPdfToPNGConvert"}
{"time":"2026-01-21T16:31:35.5897106+03:00","level":"INFO","source":{"function":"barcode-app/app.(*Controller).RegeneratePreview","file":"C:/Users/KryTwo/GolandProjects/bcgen/barcode-generator/app/controller.go","line":165},"msg":"done BytesPdfToPNGConvert"}
{"time":"2026-01-21T16:31:35.5897106+03:00","level":"INFO","source":{"function":"barcode-app/app.(*Controller).RegeneratePreview","file":"C:/Users/KryTwo/GolandProjects/bcgen/barcode-generator/app/controller.go","line":170},"msg":"done RegeneratePreview"}
{"time":"2026-01-21T16:31:35.5906713+03:00","level":"INFO","source":{"function":"barcode-app/gui.makeOpenFile.func1.1","file":"C:/Users/KryTwo/GolandProjects/bcgen/barcode-generator/gui/openFile.go","line":56},"msg":"try RegeneradePreview"}
{"time":"2026-01-21T16:31:35.5906713+03:00","level":"INFO","source":{"function":"barcode-app/app.(*Controller).RegeneratePreview","file":"C:/Users/KryTwo/GolandProjects/bcgen/barcode-generator/app/controller.go","line":140},"msg":"try RegeneratePreview"}
{"time":"2026-01-21T16:31:35.5906713+03:00","level":"INFO","source":{"function":"barcode-app/app.(*Controller).RegeneratePreview","file":"C:/Users/KryTwo/GolandProjects/bcgen/barcode-generator/app/controller.go","line":145},"msg":"try GenerateCode128"}
{"time":"2026-01-21T16:31:35.5906713+03:00","level":"INFO","source":{"function":"barcode-app/app.(*Controller).RegeneratePreview","file":"C:/Users/KryTwo/GolandProjects/bcgen/barcode-generator/app/controller.go","line":147},"msg":"done GenerateCode128"}
{"time":"2026-01-21T16:31:35.5906713+03:00","level":"INFO","source":{"function":"barcode-app/app.(*Controller).RegeneratePreview","file":"C:/Users/KryTwo/GolandProjects/bcgen/barcode-generator/app/controller.go","line":154},"msg":"try MakePDF"}
{"time":"2026-01-21T16:31:35.5906713+03:00","level":"INFO","source":{"function":"barcode-app/layout.MakePDF","file":"C:/Users/KryTwo/GolandProjects/bcgen/barcode-generator/layout/pdf.go","line":175},"msg":"not try to save to file in pdf.go"}
{"time":"2026-01-21T16:31:35.5906713+03:00","level":"INFO","source":{"function":"barcode-app/layout.MakePDF","file":"C:/Users/KryTwo/GolandProjects/bcgen/barcode-generator/layout/pdf.go","line":180},"msg":"pdf get len pdfbytes"}
{"time":"2026-01-21T16:31:35.5906713+03:00","level":"INFO","source":{"function":"barcode-app/layout.MakePDF","file":"C:/Users/KryTwo/GolandProjects/bcgen/barcode-generator/layout/pdf.go","line":181},"msg":"1583"}
{"time":"2026-01-21T16:31:35.5906713+03:00","level":"INFO","source":{"function":"barcode-app/app.(*Controller).RegeneratePreview","file":"C:/Users/KryTwo/GolandProjects/bcgen/barcode-generator/app/controller.go","line":160},"msg":"done MakePDF"}
{"time":"2026-01-21T16:31:35.5906713+03:00","level":"INFO","source":{"function":"barcode-app/app.(*Controller).RegeneratePreview","file":"C:/Users/KryTwo/GolandProjects/bcgen/barcode-generator/app/controller.go","line":162},"msg":"try BytesPdfToPNGConvert"}
{"time":"2026-01-21T16:31:35.628811+03:00","level":"INFO","source":{"function":"barcode-app/app.(*Controller).RegeneratePreview","file":"C:/Users/KryTwo/GolandProjects/bcgen/barcode-generator/app/controller.go","line":165},"msg":"done BytesPdfToPNGConvert"}
{"time":"2026-01-21T16:31:35.6298171+03:00","level":"INFO","source":{"function":"barcode-app/app.(*Controller).RegeneratePreview","file":"C:/Users/KryTwo/GolandProjects/bcgen/barcode-generator/app/controller.go","line":170},"msg":"done RegeneratePreview"}
{"time":"2026-01-21T16:31:35.6298171+03:00","level":"INFO","source":{"function":"barcode-app/gui.makeOpenFile.func1.1","file":"C:/Users/KryTwo/GolandProjects/bcgen/barcode-generator/gui/openFile.go","line":58},"msg":"success RegeneradePreview"}
{"time":"2026-01-21T16:33:10.8657759+03:00","level":"INFO","source":{"function":"main.main","file":"C:/Users/KryTwo/GolandProjects/bcgen/barcode-generator/main.go","line":14},"msg":"start main"}
{"time":"2026-01-21T16:33:10.9136174+03:00","level":"INFO","source":{"function":"barcode-app/app.(*Controller).RegeneratePreview","file":"C:/Users/KryTwo/GolandProjects/bcgen/barcode-generator/app/controller.go","line":140},"msg":"try RegeneratePreview"}
{"time":"2026-01-21T16:33:10.9142115+03:00","level":"INFO","source":{"function":"barcode-app/gui.makeOpenFile","file":"C:/Users/KryTwo/GolandProjects/bcgen/barcode-generator/gui/openFile.go","line":22},"msg":"start makeOpenFile"}
{"time":"2026-01-21T16:33:12.0123882+03:00","level":"INFO","source":{"function":"barcode-app/gui.makeOpenFile.func1","file":"C:/Users/KryTwo/GolandProjects/bcgen/barcode-generator/gui/openFile.go","line":25},"msg":"попытка открытия файла"}
{"time":"2026-01-21T16:33:12.6294437+03:00","level":"INFO","source":{"function":"barcode-app/gui.makeOpenFile.func1.1","file":"C:/Users/KryTwo/GolandProjects/bcgen/barcode-generator/gui/openFile.go","line":34},"msg":"проверка на нажатие отмены"}
{"time":"2026-01-21T16:33:12.6294437+03:00","level":"INFO","source":{"function":"barcode-app/gui.makeOpenFile.func1.1","file":"C:/Users/KryTwo/GolandProjects/bcgen/barcode-generator/gui/openFile.go","line":41},"msg":"попытка чтения файла"}
{"time":"2026-01-21T16:33:12.6294437+03:00","level":"INFO","source":{"function":"barcode-app/gui.makeOpenFile.func1.1","file":"C:/Users/KryTwo/GolandProjects/bcgen/barcode-generator/gui/openFile.go","line":49},"msg":"try ProcessFile"}
{"time":"2026-01-21T16:33:12.6294437+03:00","level":"INFO","source":{"function":"barcode-app/app.(*Controller).ProcessFile","file":"C:/Users/KryTwo/GolandProjects/bcgen/barcode-generator/app/controller.go","line":35},"msg":"try csvreader.Read"}
{"time":"2026-01-21T16:33:12.6294437+03:00","level":"INFO","source":{"function":"barcode-app/app.(*Controller).ProcessFile","file":"C:/Users/KryTwo/GolandProjects/bcgen/barcode-generator/app/controller.go","line":37},"msg":"success csvreader.Read"}
{"time":"2026-01-21T16:33:12.6294437+03:00","level":"INFO","source":{"function":"barcode-app/app.(*Controller).RegeneratePreview","file":"C:/Users/KryTwo/GolandProjects/bcgen/barcode-generator/app/controller.go","line":140},"msg":"try RegeneratePreview"}
{"time":"2026-01-21T16:33:12.6294437+03:00","level":"INFO","source":{"function":"barcode-app/app.(*Controller).RegeneratePreview","file":"C:/Users/KryTwo/GolandProjects/bcgen/barcode-generator/app/controller.go","line":145},"msg":"try GenerateCode128"}
{"time":"2026-01-21T16:33:12.6294437+03:00","level":"INFO","source":{"function":"barcode-app/app.(*Controller).RegeneratePreview","file":"C:/Users/KryTwo/GolandProjects/bcgen/barcode-generator/app/controller.go","line":147},"msg":"done GenerateCode128"}
{"time":"2026-01-21T16:33:12.6294437+03:00","level":"INFO","source":{"function":"barcode-app/app.(*Controller).RegeneratePreview","file":"C:/Users/KryTwo/GolandProjects/bcgen/barcode-generator/app/controller.go","line":154},"msg":"try MakePDF"}
{"time":"2026-01-21T16:33:12.6361078+03:00","level":"INFO","source":{"function":"barcode-app/layout.MakePDF","file":"C:/Users/KryTwo/GolandProjects/bcgen/barcode-generator/layout/pdf.go","line":176},"msg":"not try to save to file in pdf.go"}
{"time":"2026-01-21T16:33:12.6361078+03:00","level":"INFO","source":{"function":"barcode-app/layout.MakePDF","file":"C:/Users/KryTwo/GolandProjects/bcgen/barcode-generator/layout/pdf.go","line":181},"msg":"pdf get len pdfbytes"}
{"time":"2026-01-21T16:33:12.6361078+03:00","level":"INFO","source":{"function":"barcode-app/layout.MakePDF","file":"C:/Users/KryTwo/GolandProjects/bcgen/barcode-generator/layout/pdf.go","line":182},"msg":"0"}
{"time":"2026-01-21T16:33:12.6361078+03:00","level":"ERROR","source":{"function":"barcode-app/logger.LogError","file":"C:/Users/KryTwo/GolandProjects/bcgen/barcode-generator/logger/logger.go","line":26},"msg":"cannot get PDFBytes","Ошибка":"empty pdfbytes"}
{"time":"2026-01-21T16:33:12.6361078+03:00","level":"INFO","source":{"function":"barcode-app/gui.makeOpenFile.func1.1","file":"C:/Users/KryTwo/GolandProjects/bcgen/barcode-generator/gui/openFile.go","line":56},"msg":"try RegeneradePreview"}
{"time":"2026-01-21T16:33:12.6361078+03:00","level":"INFO","source":{"function":"barcode-app/app.(*Controller).RegeneratePreview","file":"C:/Users/KryTwo/GolandProjects/bcgen/barcode-generator/app/controller.go","line":140},"msg":"try RegeneratePreview"}
{"time":"2026-01-21T16:33:12.6361078+03:00","level":"INFO","source":{"function":"barcode-app/app.(*Controller).RegeneratePreview","file":"C:/Users/KryTwo/GolandProjects/bcgen/barcode-generator/app/controller.go","line":145},"msg":"try GenerateCode128"}
{"time":"2026-01-21T16:33:12.6361078+03:00","level":"INFO","source":{"function":"barcode-app/app.(*Controller).RegeneratePreview","file":"C:/Users/KryTwo/GolandProjects/bcgen/barcode-generator/app/controller.go","line":147},"msg":"done GenerateCode128"}
{"time":"2026-01-21T16:33:12.6361078+03:00","level":"INFO","source":{"function":"barcode-app/app.(*Controller).RegeneratePreview","file":"C:/Users/KryTwo/GolandProjects/bcgen/barcode-generator/app/controller.go","line":154},"msg":"try MakePDF"}
{"time":"2026-01-21T16:33:12.637807+03:00","level":"INFO","source":{"function":"barcode-app/layout.MakePDF","file":"C:/Users/KryTwo/GolandProjects/bcgen/barcode-generator/layout/pdf.go","line":176},"msg":"not try to save to file in pdf.go"}
{"time":"2026-01-21T16:33:12.637807+03:00","level":"INFO","source":{"function":"barcode-app/layout.MakePDF","file":"C:/Users/KryTwo/GolandProjects/bcgen/barcode-generator/layout/pdf.go","line":181},"msg":"pdf get len pdfbytes"}
{"time":"2026-01-21T16:33:12.637807+03:00","level":"INFO","source":{"function":"barcode-app/layout.MakePDF","file":"C:/Users/KryTwo/GolandProjects/bcgen/barcode-generator/layout/pdf.go","line":182},"msg":"0"}
{"time":"2026-01-21T16:33:12.637807+03:00","level":"ERROR","source":{"function":"barcode-app/logger.LogError","file":"C:/Users/KryTwo/GolandProjects/bcgen/barcode-generator/logger/logger.go","line":26},"msg":"cannot get PDFBytes","Ошибка":"empty pdfbytes"}
{"time":"2026-01-21T16:33:12.637807+03:00","level":"INFO","source":{"function":"barcode-app/gui.makeOpenFile.func1.1","file":"C:/Users/KryTwo/GolandProjects/bcgen/barcode-generator/gui/openFile.go","line":58},"msg":"success RegeneradePreview"}
{"time":"2026-01-21T16:33:20.8413457+03:00","level":"INFO","source":{"function":"main.main","file":"C:/Users/KryTwo/GolandProjects/bcgen/barcode-generator/main.go","line":14},"msg":"start main"}
{"time":"2026-01-21T16:33:20.8886617+03:00","level":"INFO","source":{"function":"barcode-app/app.(*Controller).RegeneratePreview","file":"C:/Users/KryTwo/GolandProjects/bcgen/barcode-generator/app/controller.go","line":140},"msg":"try RegeneratePreview"}
{"time":"2026-01-21T16:33:20.8892424+03:00","level":"INFO","source":{"function":"barcode-app/gui.makeOpenFile","file":"C:/Users/KryTwo/GolandProjects/bcgen/barcode-generator/gui/openFile.go","line":22},"msg":"start makeOpenFile"}
{"time":"2026-01-21T16:33:21.8880268+03:00","level":"INFO","source":{"function":"barcode-app/gui.makeOpenFile.func1","file":"C:/Users/KryTwo/GolandProjects/bcgen/barcode-generator/gui/openFile.go","line":25},"msg":"попытка открытия файла"}
{"time":"2026-01-21T16:33:22.6052526+03:00","level":"INFO","source":{"function":"barcode-app/gui.makeOpenFile.func1.1","file":"C:/Users/KryTwo/GolandProjects/bcgen/barcode-generator/gui/openFile.go","line":34},"msg":"проверка на нажатие отмены"}
{"time":"2026-01-21T16:33:22.6052526+03:00","level":"INFO","source":{"function":"barcode-app/gui.makeOpenFile.func1.1","file":"C:/Users/KryTwo/GolandProjects/bcgen/barcode-generator/gui/openFile.go","line":41},"msg":"попытка чтения файла"}
{"time":"2026-01-21T16:33:22.6052526+03:00","level":"INFO","source":{"function":"barcode-app/gui.makeOpenFile.func1.1","file":"C:/Users/KryTwo/GolandProjects/bcgen/barcode-generator/gui/openFile.go","line":49},"msg":"try ProcessFile"}
{"time":"2026-01-21T16:33:22.6052526+03:00","level":"INFO","source":{"function":"barcode-app/app.(*Controller).ProcessFile","file":"C:/Users/KryTwo/GolandProjects/bcgen/barcode-generator/app/controller.go","line":35},"msg":"try csvreader.Read"}
{"time":"2026-01-21T16:33:22.6052526+03:00","level":"INFO","source":{"function":"barcode-app/app.(*Controller).ProcessFile","file":"C:/Users/KryTwo/GolandProjects/bcgen/barcode-generator/app/controller.go","line":37},"msg":"success csvreader.Read"}
{"time":"2026-01-21T16:33:22.6052526+03:00","level":"INFO","source":{"function":"barcode-app/app.(*Controller).RegeneratePreview","file":"C:/Users/KryTwo/GolandProjects/bcgen/barcode-generator/app/controller.go","line":140},"msg":"try RegeneratePreview"}
{"time":"2026-01-21T16:33:22.6052526+03:00","level":"INFO","source":{"function":"barcode-app/app.(*Controller).RegeneratePreview","file":"C:/Users/KryTwo/GolandProjects/bcgen/barcode-generator/app/controller.go","line":145},"msg":"try GenerateCode128"}
{"time":"2026-01-21T16:33:22.6052526+03:00","level":"INFO","source":{"function":"barcode-app/app.(*Controller).RegeneratePreview","file":"C:/Users/KryTwo/GolandProjects/bcgen/barcode-generator/app/controller.go","line":147},"msg":"done GenerateCode128"}
{"time":"2026-01-21T16:33:22.6052526+03:00","level":"INFO","source":{"function":"barcode-app/app.(*Controller).RegeneratePreview","file":"C:/Users/KryTwo/GolandProjects/bcgen/barcode-generator/app/controller.go","line":154},"msg":"try MakePDF"}
{"time":"2026-01-21T16:33:22.6083026+03:00","level":"INFO","source":{"function":"barcode-app/layout.MakePDF","file":"C:/Users/KryTwo/GolandProjects/bcgen/barcode-generator/layout/pdf.go","line":176},"msg":"not try to save to file in pdf.go"}
{"time":"2026-01-21T16:33:22.6099437+03:00","level":"INFO","source":{"function":"barcode-app/layout.MakePDF","file":"C:/Users/KryTwo/GolandProjects/bcgen/barcode-generator/layout/pdf.go","line":181},"msg":"pdf get len pdfbytes"}
{"time":"2026-01-21T16:33:22.6099437+03:00","level":"INFO","source":{"function":"barcode-app/layout.MakePDF","file":"C:/Users/KryTwo/GolandProjects/bcgen/barcode-generator/layout/pdf.go","line":182},"msg":"6607"}
{"time":"2026-01-21T16:33:22.6099437+03:00","level":"INFO","source":{"function":"barcode-app/app.(*Controller).RegeneratePreview","file":"C:/Users/KryTwo/GolandProjects/bcgen/barcode-generator/app/controller.go","line":160},"msg":"done MakePDF"}
{"time":"2026-01-21T16:33:22.6099437+03:00","level":"INFO","source":{"function":"barcode-app/app.(*Controller).RegeneratePreview","file":"C:/Users/KryTwo/GolandProjects/bcgen/barcode-generator/app/controller.go","line":162},"msg":"try BytesPdfToPNGConvert"}
{"time":"2026-01-21T16:33:22.6540091+03:00","level":"INFO","source":{"function":"barcode-app/app.(*Controller).RegeneratePreview","file":"C:/Users/KryTwo/GolandProjects/bcgen/barcode-generator/app/controller.go","line":165},"msg":"done BytesPdfToPNGConvert"}
{"time":"2026-01-21T16:33:22.6540091+03:00","level":"INFO","source":{"function":"barcode-app/app.(*Controller).RegeneratePreview","file":"C:/Users/KryTwo/GolandProjects/bcgen/barcode-generator/app/controller.go","line":170},"msg":"done RegeneratePreview"}
{"time":"2026-01-21T16:33:22.6540091+03:00","level":"INFO","source":{"function":"barcode-app/gui.makeOpenFile.func1.1","file":"C:/Users/KryTwo/GolandProjects/bcgen/barcode-generator/gui/openFile.go","line":56},"msg":"try RegeneradePreview"}
{"time":"2026-01-21T16:33:22.6540091+03:00","level":"INFO","source":{"function":"barcode-app/app.(*Controller).RegeneratePreview","file":"C:/Users/KryTwo/GolandProjects/bcgen/barcode-generator/app/controller.go","line":140},"msg":"try RegeneratePreview"}
{"time":"2026-01-21T16:33:22.6540091+03:00","level":"INFO","source":{"function":"barcode-app/app.(*Controller).RegeneratePreview","file":"C:/Users/KryTwo/GolandProjects/bcgen/barcode-generator/app/controller.go","line":145},"msg":"try GenerateCode128"}
{"time":"2026-01-21T16:33:22.6540091+03:00","level":"INFO","source":{"function":"barcode-app/app.(*Controller).RegeneratePreview","file":"C:/Users/KryTwo/GolandProjects/bcgen/barcode-generator/app/controller.go","line":147},"msg":"done GenerateCode128"}
{"time":"2026-01-21T16:33:22.6540091+03:00","level":"INFO","source":{"function":"barcode-app/app.(*Controller).RegeneratePreview","file":"C:/Users/KryTwo/GolandProjects/bcgen/barcode-generator/app/controller.go","line":154},"msg":"try MakePDF"}
{"time":"2026-01-21T16:33:22.6571289+03:00","level":"INFO","source":{"function":"barcode-app/layout.MakePDF","file":"C:/Users/KryTwo/GolandProjects/bcgen/barcode-generator/layout/pdf.go","line":176},"msg":"not try to save to file in pdf.go"}
{"time":"2026-01-21T16:33:22.6571289+03:00","level":"INFO","source":{"function":"barcode-app/layout.MakePDF","file":"C:/Users/KryTwo/GolandProjects/bcgen/barcode-generator/layout/pdf.go","line":181},"msg":"pdf get len pdfbytes"}
{"time":"2026-01-21T16:33:22.6571289+03:00","level":"INFO","source":{"function":"barcode-app/layout.MakePDF","file":"C:/Users/KryTwo/GolandProjects/bcgen/barcode-generator/layout/pdf.go","line":182},"msg":"6607"}
{"time":"2026-01-21T16:33:22.6571289+03:00","level":"INFO","source":{"function":"barcode-app/app.(*Controller).RegeneratePreview","file":"C:/Users/KryTwo/GolandProjects/bcgen/barcode-generator/app/controller.go","line":160},"msg":"done MakePDF"}
{"time":"2026-01-21T16:33:22.6571289+03:00","level":"INFO","source":{"function":"barcode-app/app.(*Controller).RegeneratePreview","file":"C:/Users/KryTwo/GolandProjects/bcgen/barcode-generator/app/controller.go","line":162},"msg":"try BytesPdfToPNGConvert"}
{"time":"2026-01-21T16:33:22.6900935+03:00","level":"INFO","source":{"function":"barcode-app/app.(*Controller).RegeneratePreview","file":"C:/Users/KryTwo/GolandProjects/bcgen/barcode-generator/app/controller.go","line":165},"msg":"done BytesPdfToPNGConvert"}
{"time":"2026-01-21T16:33:22.6911025+03:00","level":"INFO","source":{"function":"barcode-app/app.(*Controller).RegeneratePreview","file":"C:/Users/KryTwo/GolandProjects/bcgen/barcode-generator/app/controller.go","line":170},"msg":"done RegeneratePreview"}
{"time":"2026-01-21T16:33:22.6911025+03:00","level":"INFO","source":{"function":"barcode-app/gui.makeOpenFile.func1.1","file":"C:/Users/KryTwo/GolandProjects/bcgen/barcode-generator/gui/openFile.go","line":58},"msg":"success RegeneradePreview"}
{"time":"2026-01-21T16:33:28.9386878+03:00","level":"INFO","source":{"function":"main.main","file":"C:/Users/KryTwo/GolandProjects/bcgen/barcode-generator/main.go","line":14},"msg":"start main"}
{"time":"2026-01-21T16:33:28.9849714+03:00","level":"INFO","source":{"function":"barcode-app/app.(*Controller).RegeneratePreview","file":"C:/Users/KryTwo/GolandProjects/bcgen/barcode-generator/app/controller.go","line":140},"msg":"try RegeneratePreview"}
{"time":"2026-01-21T16:33:28.9855471+03:00","level":"INFO","source":{"function":"barcode-app/gui.makeOpenFile","file":"C:/Users/KryTwo/GolandProjects/bcgen/barcode-generator/gui/openFile.go","line":22},"msg":"start makeOpenFile"}
{"time":"2026-01-21T16:33:30.0813743+03:00","level":"INFO","source":{"function":"barcode-app/gui.makeOpenFile.func1","file":"C:/Users/KryTwo/GolandProjects/bcgen/barcode-generator/gui/openFile.go","line":25},"msg":"попытка открытия файла"}
{"time":"2026-01-21T16:33:30.9155458+03:00","level":"INFO","source":{"function":"barcode-app/gui.makeOpenFile.func1.1","file":"C:/Users/KryTwo/GolandProjects/bcgen/barcode-generator/gui/openFile.go","line":34},"msg":"проверка на нажатие отмены"}
{"time":"2026-01-21T16:33:30.9155458+03:00","level":"INFO","source":{"function":"barcode-app/gui.makeOpenFile.func1.1","file":"C:/Users/KryTwo/GolandProjects/bcgen/barcode-generator/gui/openFile.go","line":41},"msg":"попытка чтения файла"}
{"time":"2026-01-21T16:33:30.9155458+03:00","level":"INFO","source":{"function":"barcode-app/gui.makeOpenFile.func1.1","file":"C:/Users/KryTwo/GolandProjects/bcgen/barcode-generator/gui/openFile.go","line":49},"msg":"try ProcessFile"}
{"time":"2026-01-21T16:33:30.9155458+03:00","level":"INFO","source":{"function":"barcode-app/app.(*Controller).ProcessFile","file":"C:/Users/KryTwo/GolandProjects/bcgen/barcode-generator/app/controller.go","line":35},"msg":"try csvreader.Read"}
{"time":"2026-01-21T16:33:30.9155458+03:00","level":"INFO","source":{"function":"barcode-app/app.(*Controller).ProcessFile","file":"C:/Users/KryTwo/GolandProjects/bcgen/barcode-generator/app/controller.go","line":37},"msg":"success csvreader.Read"}
{"time":"2026-01-21T16:33:30.9155458+03:00","level":"INFO","source":{"function":"barcode-app/app.(*Controller).RegeneratePreview","file":"C:/Users/KryTwo/GolandProjects/bcgen/barcode-generator/app/controller.go","line":140},"msg":"try RegeneratePreview"}
{"time":"2026-01-21T16:33:30.9155458+03:00","level":"INFO","source":{"function":"barcode-app/app.(*Controller).RegeneratePreview","file":"C:/Users/KryTwo/GolandProjects/bcgen/barcode-generator/app/controller.go","line":145},"msg":"try GenerateCode128"}
{"time":"2026-01-21T16:33:30.9155458+03:00","level":"INFO","source":{"function":"barcode-app/app.(*Controller).RegeneratePreview","file":"C:/Users/KryTwo/GolandProjects/bcgen/barcode-generator/app/controller.go","line":147},"msg":"done GenerateCode128"}
{"time":"2026-01-21T16:33:30.9155458+03:00","level":"INFO","source":{"function":"barcode-app/app.(*Controller).RegeneratePreview","file":"C:/Users/KryTwo/GolandProjects/bcgen/barcode-generator/app/controller.go","line":154},"msg":"try MakePDF"}
{"time":"2026-01-21T16:33:30.9191603+03:00","level":"INFO","source":{"function":"barcode-app/layout.MakePDF","file":"C:/Users/KryTwo/GolandProjects/bcgen/barcode-generator/layout/pdf.go","line":176},"msg":"not try to save to file in pdf.go"}
{"time":"2026-01-21T16:33:30.9197462+03:00","level":"INFO","source":{"function":"barcode-app/layout.MakePDF","file":"C:/Users/KryTwo/GolandProjects/bcgen/barcode-generator/layout/pdf.go","line":181},"msg":"pdf get len pdfbytes"}
{"time":"2026-01-21T16:33:30.9197462+03:00","level":"INFO","source":{"function":"barcode-app/layout.MakePDF","file":"C:/Users/KryTwo/GolandProjects/bcgen/barcode-generator/layout/pdf.go","line":182},"msg":"6607"}
{"time":"2026-01-21T16:33:30.9197462+03:00","level":"INFO","source":{"function":"barcode-app/app.(*Controller).RegeneratePreview","file":"C:/Users/KryTwo/GolandProjects/bcgen/barcode-generator/app/controller.go","line":160},"msg":"done MakePDF"}
{"time":"2026-01-21T16:33:30.9197462+03:00","level":"INFO","source":{"function":"barcode-app/app.(*Controller).RegeneratePreview","file":"C:/Users/KryTwo/GolandProjects/bcgen/barcode-generator/app/controller.go","line":162},"msg":"try BytesPdfToPNGConvert"}
{"time":"2026-01-21T16:33:30.9641757+03:00","level":"INFO","source":{"function":"barcode-app/app.(*Controller).RegeneratePreview","file":"C:/Users/KryTwo/GolandProjects/bcgen/barcode-generator/app/controller.go","line":165},"msg":"done BytesPdfToPNGConvert"}
{"time":"2026-01-21T16:33:30.9651749+03:00","level":"INFO","source":{"function":"barcode-app/app.(*Controller).RegeneratePreview","file":"C:/Users/KryTwo/GolandProjects/bcgen/barcode-generator/app/controller.go","line":170},"msg":"done RegeneratePreview"}
{"time":"2026-01-21T16:33:30.9651749+03:00","level":"INFO","source":{"function":"barcode-app/gui.makeOpenFile.func1.1","file":"C:/Users/KryTwo/GolandProjects/bcgen/barcode-generator/gui/openFile.go","line":56},"msg":"try RegeneradePreview"}
{"time":"2026-01-21T16:33:30.9651749+03:00","level":"INFO","source":{"function":"barcode-app/app.(*Controller).RegeneratePreview","file":"C:/Users/KryTwo/GolandProjects/bcgen/barcode-generator/app/controller.go","line":140},"msg":"try RegeneratePreview"}
{"time":"2026-01-21T16:33:30.9651749+03:00","level":"INFO","source":{"function":"barcode-app/app.(*Controller).RegeneratePreview","file":"C:/Users/KryTwo/GolandProjects/bcgen/barcode-generator/app/controller.go","line":145},"msg":"try GenerateCode128"}
{"time":"2026-01-21T16:33:30.9651749+03:00","level":"INFO","source":{"function":"barcode-app/app.(*Controller).RegeneratePreview","file":"C:/Users/KryTwo/GolandProjects/bcgen/barcode-generator/app/controller.go","line":147},"msg":"done GenerateCode128"}
{"time":"2026-01-21T16:33:30.9651749+03:00","level":"INFO","source":{"function":"barcode-app/app.(*Controller).RegeneratePreview","file":"C:/Users/KryTwo/GolandProjects/bcgen/barcode-generator/app/controller.go","line":154},"msg":"try MakePDF"}
{"time":"2026-01-21T16:33:30.9682041+03:00","level":"INFO","source":{"function":"barcode-app/layout.MakePDF","file":"C:/Users/KryTwo/GolandProjects/bcgen/barcode-generator/layout/pdf.go","line":176},"msg":"not try to save to file in pdf.go"}
{"time":"2026-01-21T16:33:30.9682041+03:00","level":"INFO","source":{"function":"barcode-app/layout.MakePDF","file":"C:/Users/KryTwo/GolandProjects/bcgen/barcode-generator/layout/pdf.go","line":181},"msg":"pdf get len pdfbytes"}
{"time":"2026-01-21T16:33:30.9682041+03:00","level":"INFO","source":{"function":"barcode-app/layout.MakePDF","file":"C:/Users/KryTwo/GolandProjects/bcgen/barcode-generator/layout/pdf.go","line":182},"msg":"6607"}
{"time":"2026-01-21T16:33:30.9682041+03:00","level":"INFO","source":{"function":"barcode-app/app.(*Controller).RegeneratePreview","file":"C:/Users/KryTwo/GolandProjects/bcgen/barcode-generator/app/controller.go","line":160},"msg":"done MakePDF"}
{"time":"2026-01-21T16:33:30.9682041+03:00","level":"INFO","source":{"function":"barcode-app/app.(*Controller).RegeneratePreview","file":"C:/Users/KryTwo/GolandProjects/bcgen/barcode-generator/app/controller.go","line":162},"msg":"try BytesPdfToPNGConvert"}
{"time":"2026-01-21T16:33:31.0023181+03:00","level":"INFO","source":{"function":"barcode-app/app.(*Controller).RegeneratePreview","file":"C:/Users/KryTwo/GolandProjects/bcgen/barcode-generator/app/controller.go","line":165},"msg":"done BytesPdfToPNGConvert"}
{"time":"2026-01-21T16:33:31.0023181+03:00","level":"INFO","source":{"function":"barcode-app/app.(*Controller).RegeneratePreview","file":"C:/Users/KryTwo/GolandProjects/bcgen/barcode-generator/app/controller.go","line":170},"msg":"done RegeneratePreview"}
{"time":"2026-01-21T16:33:31.0023181+03:00","level":"INFO","source":{"function":"barcode-app/gui.makeOpenFile.func1.1","file":"C:/Users/KryTwo/GolandProjects/bcgen/barcode-generator/gui/openFile.go","line":58},"msg":"success RegeneradePreview"}
{"time":"2026-01-21T16:33:45.4841781+03:00","level":"INFO","source":{"function":"main.main","file":"C:/Users/KryTwo/GolandProjects/bcgen/barcode-generator/main.go","line":14},"msg":"start main"}
{"time":"2026-01-21T16:33:45.5300152+03:00","level":"INFO","source":{"function":"barcode-app/app.(*Controller).RegeneratePreview","file":"C:/Users/KryTwo/GolandProjects/bcgen/barcode-generator/app/controller.go","line":140},"msg":"try RegeneratePreview"}
{"time":"2026-01-21T16:33:45.5305906+03:00","level":"INFO","source":{"function":"barcode-app/gui.makeOpenFile","file":"C:/Users/KryTwo/GolandProjects/bcgen/barcode-generator/gui/openFile.go","line":22},"msg":"start makeOpenFile"}
{"time":"2026-01-21T16:33:46.50005+03:00","level":"INFO","source":{"function":"barcode-app/gui.makeOpenFile.func1","file":"C:/Users/KryTwo/GolandProjects/bcgen/barcode-generator/gui/openFile.go","line":25},"msg":"попытка открытия файла"}
{"time":"2026-01-21T16:33:47.4005601+03:00","level":"INFO","source":{"function":"barcode-app/gui.makeOpenFile.func1.1","file":"C:/Users/KryTwo/GolandProjects/bcgen/barcode-generator/gui/openFile.go","line":34},"msg":"проверка на нажатие отмены"}
{"time":"2026-01-21T16:33:47.4005601+03:00","level":"INFO","source":{"function":"barcode-app/gui.makeOpenFile.func1.1","file":"C:/Users/KryTwo/GolandProjects/bcgen/barcode-generator/gui/openFile.go","line":41},"msg":"попытка чтения файла"}
{"time":"2026-01-21T16:33:47.4005601+03:00","level":"INFO","source":{"function":"barcode-app/gui.makeOpenFile.func1.1","file":"C:/Users/KryTwo/GolandProjects/bcgen/barcode-generator/gui/openFile.go","line":49},"msg":"try ProcessFile"}
{"time":"2026-01-21T16:33:47.4005601+03:00","level":"INFO","source":{"function":"barcode-app/app.(*Controller).ProcessFile","file":"C:/Users/KryTwo/GolandProjects/bcgen/barcode-generator/app/controller.go","line":35},"msg":"try csvreader.Read"}
{"time":"2026-01-21T16:33:47.4005601+03:00","level":"INFO","source":{"function":"barcode-app/app.(*Controller).ProcessFile","file":"C:/Users/KryTwo/GolandProjects/bcgen/barcode-generator/app/controller.go","line":37},"msg":"success csvreader.Read"}
{"time":"2026-01-21T16:33:47.4005601+03:00","level":"INFO","source":{"function":"barcode-app/app.(*Controller).RegeneratePreview","file":"C:/Users/KryTwo/GolandProjects/bcgen/barcode-generator/app/controller.go","line":140},"msg":"try RegeneratePreview"}
{"time":"2026-01-21T16:33:47.4005601+03:00","level":"INFO","source":{"function":"barcode-app/app.(*Controller).RegeneratePreview","file":"C:/Users/KryTwo/GolandProjects/bcgen/barcode-generator/app/controller.go","line":145},"msg":"try GenerateCode128"}
{"time":"2026-01-21T16:33:47.4005601+03:00","level":"INFO","source":{"function":"barcode-app/app.(*Controller).RegeneratePreview","file":"C:/Users/KryTwo/GolandProjects/bcgen/barcode-generator/app/controller.go","line":147},"msg":"done GenerateCode128"}
{"time":"2026-01-21T16:33:47.4005601+03:00","level":"INFO","source":{"function":"barcode-app/app.(*Controller).RegeneratePreview","file":"C:/Users/KryTwo/GolandProjects/bcgen/barcode-generator/app/controller.go","line":154},"msg":"try MakePDF"}
{"time":"2026-01-21T16:33:47.4034935+03:00","level":"INFO","source":{"function":"barcode-app/layout.MakePDF","file":"C:/Users/KryTwo/GolandProjects/bcgen/barcode-generator/layout/pdf.go","line":176},"msg":"not try to save to file in pdf.go"}
{"time":"2026-01-21T16:33:47.4045619+03:00","level":"INFO","source":{"function":"barcode-app/layout.MakePDF","file":"C:/Users/KryTwo/GolandProjects/bcgen/barcode-generator/layout/pdf.go","line":181},"msg":"pdf get len pdfbytes"}
{"time":"2026-01-21T16:33:47.4045619+03:00","level":"INFO","source":{"function":"barcode-app/layout.MakePDF","file":"C:/Users/KryTwo/GolandProjects/bcgen/barcode-generator/layout/pdf.go","line":182},"msg":"6602"}
{"time":"2026-01-21T16:33:47.4045619+03:00","level":"INFO","source":{"function":"barcode-app/app.(*Controller).RegeneratePreview","file":"C:/Users/KryTwo/GolandProjects/bcgen/barcode-generator/app/controller.go","line":160},"msg":"done MakePDF"}
{"time":"2026-01-21T16:33:47.4045619+03:00","level":"INFO","source":{"function":"barcode-app/app.(*Controller).RegeneratePreview","file":"C:/Users/KryTwo/GolandProjects/bcgen/barcode-generator/app/controller.go","line":162},"msg":"try BytesPdfToPNGConvert"}
{"time":"2026-01-21T16:33:47.4503128+03:00","level":"INFO","source":{"function":"barcode-app/app.(*Controller).RegeneratePreview","file":"C:/Users/KryTwo/GolandProjects/bcgen/barcode-generator/app/controller.go","line":165},"msg":"done BytesPdfToPNGConvert"}
{"time":"2026-01-21T16:33:47.4503128+03:00","level":"INFO","source":{"function":"barcode-app/app.(*Controller).RegeneratePreview","file":"C:/Users/KryTwo/GolandProjects/bcgen/barcode-generator/app/controller.go","line":170},"msg":"done RegeneratePreview"}
{"time":"2026-01-21T16:33:47.4503128+03:00","level":"INFO","source":{"function":"barcode-app/gui.makeOpenFile.func1.1","file":"C:/Users/KryTwo/GolandProjects/bcgen/barcode-generator/gui/openFile.go","line":56},"msg":"try RegeneradePreview"}
{"time":"2026-01-21T16:33:47.4503128+03:00","level":"INFO","source":{"function":"barcode-app/app.(*Controller).RegeneratePreview","file":"C:/Users/KryTwo/GolandProjects/bcgen/barcode-generator/app/controller.go","line":140},"msg":"try RegeneratePreview"}
{"time":"2026-01-21T16:33:47.4503128+03:00","level":"INFO","source":{"function":"barcode-app/app.(*Controller).RegeneratePreview","file":"C:/Users/KryTwo/GolandProjects/bcgen/barcode-generator/app/controller.go","line":145},"msg":"try GenerateCode128"}
{"time":"2026-01-21T16:33:47.4503128+03:00","level":"INFO","source":{"function":"barcode-app/app.(*Controller).RegeneratePreview","file":"C:/Users/KryTwo/GolandProjects/bcgen/barcode-generator/app/controller.go","line":147},"msg":"done GenerateCode128"}
{"time":"2026-01-21T16:33:47.4503128+03:00","level":"INFO","source":{"function":"barcode-app/app.(*Controller).RegeneratePreview","file":"C:/Users/KryTwo/GolandProjects/bcgen/barcode-generator/app/controller.go","line":154},"msg":"try MakePDF"}
{"time":"2026-01-21T16:33:47.4522977+03:00","level":"INFO","source":{"function":"barcode-app/layout.MakePDF","file":"C:/Users/KryTwo/GolandProjects/bcgen/barcode-generator/layout/pdf.go","line":176},"msg":"not try to save to file in pdf.go"}
{"time":"2026-01-21T16:33:47.4533151+03:00","level":"INFO","source":{"function":"barcode-app/layout.MakePDF","file":"C:/Users/KryTwo/GolandProjects/bcgen/barcode-generator/layout/pdf.go","line":181},"msg":"pdf get len pdfbytes"}
{"time":"2026-01-21T16:33:47.4533151+03:00","level":"INFO","source":{"function":"barcode-app/layout.MakePDF","file":"C:/Users/KryTwo/GolandProjects/bcgen/barcode-generator/layout/pdf.go","line":182},"msg":"6602"}
{"time":"2026-01-21T16:33:47.4533151+03:00","level":"INFO","source":{"function":"barcode-app/app.(*Controller).RegeneratePreview","file":"C:/Users/KryTwo/GolandProjects/bcgen/barcode-generator/app/controller.go","line":160},"msg":"done MakePDF"}
{"time":"2026-01-21T16:33:47.4533151+03:00","level":"INFO","source":{"function":"barcode-app/app.(*Controller).RegeneratePreview","file":"C:/Users/KryTwo/GolandProjects/bcgen/barcode-generator/app/controller.go","line":162},"msg":"try BytesPdfToPNGConvert"}
{"time":"2026-01-21T16:33:47.4893336+03:00","level":"INFO","source":{"function":"barcode-app/app.(*Controller).RegeneratePreview","file":"C:/Users/KryTwo/GolandProjects/bcgen/barcode-generator/app/controller.go","line":165},"msg":"done BytesPdfToPNGConvert"}
{"time":"2026-01-21T16:33:47.4897329+03:00","level":"INFO","source":{"function":"barcode-app/app.(*Controller).RegeneratePreview","file":"C:/Users/KryTwo/GolandProjects/bcgen/barcode-generator/app/controller.go","line":170},"msg":"done RegeneratePreview"}
{"time":"2026-01-21T16:33:47.4897329+03:00","level":"INFO","source":{"function":"barcode-app/gui.makeOpenFile.func1.1","file":"C:/Users/KryTwo/GolandProjects/bcgen/barcode-generator/gui/openFile.go","line":58},"msg":"success RegeneradePreview"}
{"time":"2026-01-21T16:33:51.6036365+03:00","level":"INFO","source":{"function":"main.main","file":"C:/Users/KryTwo/GolandProjects/bcgen/barcode-generator/main.go","line":14},"msg":"start main"}
{"time":"2026-01-21T16:33:51.658554+03:00","level":"INFO","source":{"function":"barcode-app/app.(*Controller).RegeneratePreview","file":"C:/Users/KryTwo/GolandProjects/bcgen/barcode-generator/app/controller.go","line":140},"msg":"try RegeneratePreview"}
{"time":"2026-01-21T16:33:51.6591399+03:00","level":"INFO","source":{"function":"barcode-app/gui.makeOpenFile","file":"C:/Users/KryTwo/GolandProjects/bcgen/barcode-generator/gui/openFile.go","line":22},"msg":"start makeOpenFile"}
{"time":"2026-01-21T16:33:52.9050587+03:00","level":"INFO","source":{"function":"barcode-app/gui.makeOpenFile.func1","file":"C:/Users/KryTwo/GolandProjects/bcgen/barcode-generator/gui/openFile.go","line":25},"msg":"попытка открытия файла"}
{"time":"2026-01-21T16:33:53.6049119+03:00","level":"INFO","source":{"function":"barcode-app/gui.makeOpenFile.func1.1","file":"C:/Users/KryTwo/GolandProjects/bcgen/barcode-generator/gui/openFile.go","line":34},"msg":"проверка на нажатие отмены"}
{"time":"2026-01-21T16:33:53.6049119+03:00","level":"INFO","source":{"function":"barcode-app/gui.makeOpenFile.func1.1","file":"C:/Users/KryTwo/GolandProjects/bcgen/barcode-generator/gui/openFile.go","line":41},"msg":"попытка чтения файла"}
{"time":"2026-01-21T16:33:53.6049119+03:00","level":"INFO","source":{"function":"barcode-app/gui.makeOpenFile.func1.1","file":"C:/Users/KryTwo/GolandProjects/bcgen/barcode-generator/gui/openFile.go","line":49},"msg":"try ProcessFile"}
{"time":"2026-01-21T16:33:53.6049119+03:00","level":"INFO","source":{"function":"barcode-app/app.(*Controller).ProcessFile","file":"C:/Users/KryTwo/GolandProjects/bcgen/barcode-generator/app/controller.go","line":35},"msg":"try csvreader.Read"}
{"time":"2026-01-21T16:33:53.6049119+03:00","level":"INFO","source":{"function":"barcode-app/app.(*Controller).ProcessFile","file":"C:/Users/KryTwo/GolandProjects/bcgen/barcode-generator/app/controller.go","line":37},"msg":"success csvreader.Read"}
{"time":"2026-01-21T16:33:53.6049119+03:00","level":"INFO","source":{"function":"barcode-app/app.(*Controller).RegeneratePreview","file":"C:/Users/KryTwo/GolandProjects/bcgen/barcode-generator/app/controller.go","line":140},"msg":"try RegeneratePreview"}
{"time":"2026-01-21T16:33:53.6049119+03:00","level":"INFO","source":{"function":"barcode-app/app.(*Controller).RegeneratePreview","file":"C:/Users/KryTwo/GolandProjects/bcgen/barcode-generator/app/controller.go","line":145},"msg":"try GenerateCode128"}
{"time":"2026-01-21T16:33:53.6049119+03:00","level":"INFO","source":{"function":"barcode-app/app.(*Controller).RegeneratePreview","file":"C:/Users/KryTwo/GolandProjects/bcgen/barcode-generator/app/controller.go","line":147},"msg":"done GenerateCode128"}
{"time":"2026-01-21T16:33:53.6049119+03:00","level":"INFO","source":{"function":"barcode-app/app.(*Controller).RegeneratePreview","file":"C:/Users/KryTwo/GolandProjects/bcgen/barcode-generator/app/controller.go","line":154},"msg":"try MakePDF"}
{"time":"2026-01-21T16:33:53.6055126+03:00","level":"INFO","source":{"function":"barcode-app/layout.MakePDF","file":"C:/Users/KryTwo/GolandProjects/bcgen/barcode-generator/layout/pdf.go","line":176},"msg":"not try to save to file in pdf.go"}
{"time":"2026-01-21T16:33:53.6055126+03:00","level":"INFO","source":{"function":"barcode-app/layout.MakePDF","file":"C:/Users/KryTwo/GolandProjects/bcgen/barcode-generator/layout/pdf.go","line":181},"msg":"pdf get len pdfbytes"}
{"time":"2026-01-21T16:33:53.606034+03:00","level":"INFO","source":{"function":"barcode-app/layout.MakePDF","file":"C:/Users/KryTwo/GolandProjects/bcgen/barcode-generator/layout/pdf.go","line":182},"msg":"1583"}
{"time":"2026-01-21T16:33:53.606034+03:00","level":"INFO","source":{"function":"barcode-app/app.(*Controller).RegeneratePreview","file":"C:/Users/KryTwo/GolandProjects/bcgen/barcode-generator/app/controller.go","line":160},"msg":"done MakePDF"}
{"time":"2026-01-21T16:33:53.606034+03:00","level":"INFO","source":{"function":"barcode-app/app.(*Controller).RegeneratePreview","file":"C:/Users/KryTwo/GolandProjects/bcgen/barcode-generator/app/controller.go","line":162},"msg":"try BytesPdfToPNGConvert"}
{"time":"2026-01-21T16:33:53.6486418+03:00","level":"INFO","source":{"function":"barcode-app/app.(*Controller).RegeneratePreview","file":"C:/Users/KryTwo/GolandProjects/bcgen/barcode-generator/app/controller.go","line":165},"msg":"done BytesPdfToPNGConvert"}
{"time":"2026-01-21T16:33:53.6487087+03:00","level":"INFO","source":{"function":"barcode-app/app.(*Controller).RegeneratePreview","file":"C:/Users/KryTwo/GolandProjects/bcgen/barcode-generator/app/controller.go","line":170},"msg":"done RegeneratePreview"}
{"time":"2026-01-21T16:33:53.6487087+03:00","level":"INFO","source":{"function":"barcode-app/gui.makeOpenFile.func1.1","file":"C:/Users/KryTwo/GolandProjects/bcgen/barcode-generator/gui/openFile.go","line":56},"msg":"try RegeneradePreview"}
{"time":"2026-01-21T16:33:53.6487087+03:00","level":"INFO","source":{"function":"barcode-app/app.(*Controller).RegeneratePreview","file":"C:/Users/KryTwo/GolandProjects/bcgen/barcode-generator/app/controller.go","line":140},"msg":"try RegeneratePreview"}
{"time":"2026-01-21T16:33:53.6487087+03:00","level":"INFO","source":{"function":"barcode-app/app.(*Controller).RegeneratePreview","file":"C:/Users/KryTwo/GolandProjects/bcgen/barcode-generator/app/controller.go","line":145},"msg":"try GenerateCode128"}
{"time":"2026-01-21T16:33:53.6487087+03:00","level":"INFO","source":{"function":"barcode-app/app.(*Controller).RegeneratePreview","file":"C:/Users/KryTwo/GolandProjects/bcgen/barcode-generator/app/controller.go","line":147},"msg":"done GenerateCode128"}
{"time":"2026-01-21T16:33:53.6487087+03:00","level":"INFO","source":{"function":"barcode-app/app.(*Controller).RegeneratePreview","file":"C:/Users/KryTwo/GolandProjects/bcgen/barcode-generator/app/controller.go","line":154},"msg":"try MakePDF"}
{"time":"2026-01-21T16:33:53.6493733+03:00","level":"INFO","source":{"function":"barcode-app/layout.MakePDF","file":"C:/Users/KryTwo/GolandProjects/bcgen/barcode-generator/layout/pdf.go","line":176},"msg":"not try to save to file in pdf.go"}
{"time":"2026-01-21T16:33:53.6493733+03:00","level":"INFO","source":{"function":"barcode-app/layout.MakePDF","file":"C:/Users/KryTwo/GolandProjects/bcgen/barcode-generator/layout/pdf.go","line":181},"msg":"pdf get len pdfbytes"}
{"time":"2026-01-21T16:33:53.6498931+03:00","level":"INFO","source":{"function":"barcode-app/layout.MakePDF","file":"C:/Users/KryTwo/GolandProjects/bcgen/barcode-generator/layout/pdf.go","line":182},"msg":"1583"}
{"time":"2026-01-21T16:33:53.6498931+03:00","level":"INFO","source":{"function":"barcode-app/app.(*Controller).RegeneratePreview","file":"C:/Users/KryTwo/GolandProjects/bcgen/barcode-generator/app/controller.go","line":160},"msg":"done MakePDF"}
{"time":"2026-01-21T16:33:53.6498931+03:00","level":"INFO","source":{"function":"barcode-app/app.(*Controller).RegeneratePreview","file":"C:/Users/KryTwo/GolandProjects/bcgen/barcode-generator/app/controller.go","line":162},"msg":"try BytesPdfToPNGConvert"}
{"time":"2026-01-21T16:33:53.6802795+03:00","level":"INFO","source":{"function":"barcode-app/app.(*Controller).RegeneratePreview","file":"C:/Users/KryTwo/GolandProjects/bcgen/barcode-generator/app/controller.go","line":165},"msg":"done BytesPdfToPNGConvert"}
{"time":"2026-01-21T16:33:53.6813884+03:00","level":"INFO","source":{"function":"barcode-app/app.(*Controller).RegeneratePreview","file":"C:/Users/KryTwo/GolandProjects/bcgen/barcode-generator/app/controller.go","line":170},"msg":"done RegeneratePreview"}
{"time":"2026-01-21T16:33:53.6813884+03:00","level":"INFO","source":{"function":"barcode-app/gui.makeOpenFile.func1.1","file":"C:/Users/KryTwo/GolandProjects/bcgen/barcode-generator/gui/openFile.go","line":58},"msg":"success RegeneradePreview"}
{"time":"2026-01-21T16:33:55.4716127+03:00","level":"INFO","source":{"function":"barcode-app/gui.makeOpenFile.func1","file":"C:/Users/KryTwo/GolandProjects/bcgen/barcode-generator/gui/openFile.go","line":25},"msg":"попытка открытия файла"}
{"time":"2026-01-21T16:33:56.5385921+03:00","level":"INFO","source":{"function":"barcode-app/gui.makeOpenFile.func1.1","file":"C:/Users/KryTwo/GolandProjects/bcgen/barcode-generator/gui/openFile.go","line":34},"msg":"проверка на нажатие отмены"}
{"time":"2026-01-21T16:33:56.5387015+03:00","level":"INFO","source":{"function":"barcode-app/gui.makeOpenFile.func1.1","file":"C:/Users/KryTwo/GolandProjects/bcgen/barcode-generator/gui/openFile.go","line":41},"msg":"попытка чтения файла"}
{"time":"2026-01-21T16:33:56.5387015+03:00","level":"INFO","source":{"function":"barcode-app/gui.makeOpenFile.func1.1","file":"C:/Users/KryTwo/GolandProjects/bcgen/barcode-generator/gui/openFile.go","line":49},"msg":"try ProcessFile"}
{"time":"2026-01-21T16:33:56.5387015+03:00","level":"INFO","source":{"function":"barcode-app/app.(*Controller).ProcessFile","file":"C:/Users/KryTwo/GolandProjects/bcgen/barcode-generator/app/controller.go","line":35},"msg":"try csvreader.Read"}
{"time":"2026-01-21T16:33:56.5387015+03:00","level":"INFO","source":{"function":"barcode-app/app.(*Controller).ProcessFile","file":"C:/Users/KryTwo/GolandProjects/bcgen/barcode-generator/app/controller.go","line":37},"msg":"success csvreader.Read"}
{"time":"2026-01-21T16:33:56.5387015+03:00","level":"INFO","source":{"function":"barcode-app/app.(*Controller).RegeneratePreview","file":"C:/Users/KryTwo/GolandProjects/bcgen/barcode-generator/app/controller.go","line":140},"msg":"try RegeneratePreview"}
{"time":"2026-01-21T16:33:56.5387015+03:00","level":"INFO","source":{"function":"barcode-app/app.(*Controller).RegeneratePreview","file":"C:/Users/KryTwo/GolandProjects/bcgen/barcode-generator/app/controller.go","line":145},"msg":"try GenerateCode128"}
{"time":"2026-01-21T16:33:56.5387856+03:00","level":"INFO","source":{"function":"barcode-app/app.(*Controller).RegeneratePreview","file":"C:/Users/KryTwo/GolandProjects/bcgen/barcode-generator/app/controller.go","line":147},"msg":"done GenerateCode128"}
{"time":"2026-01-21T16:33:56.5387856+03:00","level":"INFO","source":{"function":"barcode-app/app.(*Controller).RegeneratePreview","file":"C:/Users/KryTwo/GolandProjects/bcgen/barcode-generator/app/controller.go","line":154},"msg":"try MakePDF"}
{"time":"2026-01-21T16:33:56.540223+03:00","level":"INFO","source":{"function":"barcode-app/layout.MakePDF","file":"C:/Users/KryTwo/GolandProjects/bcgen/barcode-generator/layout/pdf.go","line":176},"msg":"not try to save to file in pdf.go"}
{"time":"2026-01-21T16:33:56.540223+03:00","level":"INFO","source":{"function":"barcode-app/layout.MakePDF","file":"C:/Users/KryTwo/GolandProjects/bcgen/barcode-generator/layout/pdf.go","line":181},"msg":"pdf get len pdfbytes"}
{"time":"2026-01-21T16:33:56.540223+03:00","level":"INFO","source":{"function":"barcode-app/layout.MakePDF","file":"C:/Users/KryTwo/GolandProjects/bcgen/barcode-generator/layout/pdf.go","line":182},"msg":"6602"}
{"time":"2026-01-21T16:33:56.540223+03:00","level":"INFO","source":{"function":"barcode-app/app.(*Controller).RegeneratePreview","file":"C:/Users/KryTwo/GolandProjects/bcgen/barcode-generator/app/controller.go","line":160},"msg":"done MakePDF"}
{"time":"2026-01-21T16:33:56.540223+03:00","level":"INFO","source":{"function":"barcode-app/app.(*Controller).RegeneratePreview","file":"C:/Users/KryTwo/GolandProjects/bcgen/barcode-generator/app/controller.go","line":162},"msg":"try BytesPdfToPNGConvert"}
{"time":"2026-01-21T16:33:56.5768517+03:00","level":"INFO","source":{"function":"barcode-app/app.(*Controller).RegeneratePreview","file":"C:/Users/KryTwo/GolandProjects/bcgen/barcode-generator/app/controller.go","line":165},"msg":"done BytesPdfToPNGConvert"}
{"time":"2026-01-21T16:33:56.5778532+03:00","level":"INFO","source":{"function":"barcode-app/app.(*Controller).RegeneratePreview","file":"C:/Users/KryTwo/GolandProjects/bcgen/barcode-generator/app/controller.go","line":170},"msg":"done RegeneratePreview"}
{"time":"2026-01-21T16:33:56.5778532+03:00","level":"INFO","source":{"function":"barcode-app/gui.makeOpenFile.func1.1","file":"C:/Users/KryTwo/GolandProjects/bcgen/barcode-generator/gui/openFile.go","line":56},"msg":"try RegeneradePreview"}
{"time":"2026-01-21T16:33:56.5778532+03:00","level":"INFO","source":{"function":"barcode-app/app.(*Controller).RegeneratePreview","file":"C:/Users/KryTwo/GolandProjects/bcgen/barcode-generator/app/controller.go","line":140},"msg":"try RegeneratePreview"}
{"time":"2026-01-21T16:33:56.5778532+03:00","level":"INFO","source":{"function":"barcode-app/app.(*Controller).RegeneratePreview","file":"C:/Users/KryTwo/GolandProjects/bcgen/barcode-generator/app/controller.go","line":145},"msg":"try GenerateCode128"}
{"time":"2026-01-21T16:33:56.5778532+03:00","level":"INFO","source":{"function":"barcode-app/app.(*Controller).RegeneratePreview","file":"C:/Users/KryTwo/GolandProjects/bcgen/barcode-generator/app/controller.go","line":147},"msg":"done GenerateCode128"}
{"time":"2026-01-21T16:33:56.5778532+03:00","level":"INFO","source":{"function":"barcode-app/app.(*Controller).RegeneratePreview","file":"C:/Users/KryTwo/GolandProjects/bcgen/barcode-generator/app/controller.go","line":154},"msg":"try MakePDF"}
{"time":"2026-01-21T16:33:56.5788492+03:00","level":"INFO","source":{"function":"barcode-app/layout.MakePDF","file":"C:/Users/KryTwo/GolandProjects/bcgen/barcode-generator/layout/pdf.go","line":176},"msg":"not try to save to file in pdf.go"}
{"time":"2026-01-21T16:33:56.5798515+03:00","level":"INFO","source":{"function":"barcode-app/layout.MakePDF","file":"C:/Users/KryTwo/GolandProjects/bcgen/barcode-generator/layout/pdf.go","line":181},"msg":"pdf get len pdfbytes"}
{"time":"2026-01-21T16:33:56.5798515+03:00","level":"INFO","source":{"function":"barcode-app/layout.MakePDF","file":"C:/Users/KryTwo/GolandProjects/bcgen/barcode-generator/layout/pdf.go","line":182},"msg":"6602"}
{"time":"2026-01-21T16:33:56.5798515+03:00","level":"INFO","source":{"function":"barcode-app/app.(*Controller).RegeneratePreview","file":"C:/Users/KryTwo/GolandProjects/bcgen/barcode-generator/app/controller.go","line":160},"msg":"done MakePDF"}
{"time":"2026-01-21T16:33:56.5798515+03:00","level":"INFO","source":{"function":"barcode-app/app.(*Controller).RegeneratePreview","file":"C:/Users/KryTwo/GolandProjects/bcgen/barcode-generator/app/controller.go","line":162},"msg":"try BytesPdfToPNGConvert"}
{"time":"2026-01-21T16:33:56.6198671+03:00","level":"INFO","source":{"function":"barcode-app/app.(*Controller).RegeneratePreview","file":"C:/Users/KryTwo/GolandProjects/bcgen/barcode-generator/app/controller.go","line":165},"msg":"done BytesPdfToPNGConvert"}
{"time":"2026-01-21T16:33:56.6198671+03:00","level":"INFO","source":{"function":"barcode-app/app.(*Controller).RegeneratePreview","file":"C:/Users/KryTwo/GolandProjects/bcgen/barcode-generator/app/controller.go","line":170},"msg":"done RegeneratePreview"}
{"time":"2026-01-21T16:33:56.6198671+03:00","level":"INFO","source":{"function":"barcode-app/gui.makeOpenFile.func1.1","file":"C:/Users/KryTwo/GolandProjects/bcgen/barcode-generator/gui/openFile.go","line":58},"msg":"success RegeneradePreview"}
{"time":"2026-01-21T16:34:42.0691665+03:00","level":"INFO","source":{"function":"main.main","file":"C:/Users/KryTwo/GolandProjects/bcgen/barcode-generator/main.go","line":14},"msg":"start main"}
{"time":"2026-01-21T16:34:42.118834+03:00","level":"INFO","source":{"function":"barcode-app/app.(*Controller).RegeneratePreview","file":"C:/Users/KryTwo/GolandProjects/bcgen/barcode-generator/app/controller.go","line":140},"msg":"try RegeneratePreview"}
{"time":"2026-01-21T16:34:42.1193512+03:00","level":"INFO","source":{"function":"barcode-app/gui.makeOpenFile","file":"C:/Users/KryTwo/GolandProjects/bcgen/barcode-generator/gui/openFile.go","line":22},"msg":"start makeOpenFile"}
{"time":"2026-01-21T16:34:43.2379575+03:00","level":"INFO","source":{"function":"barcode-app/gui.makeOpenFile.func1","file":"C:/Users/KryTwo/GolandProjects/bcgen/barcode-generator/gui/openFile.go","line":25},"msg":"попытка открытия файла"}
{"time":"2026-01-21T16:34:43.9046926+03:00","level":"INFO","source":{"function":"barcode-app/gui.makeOpenFile.func1.1","file":"C:/Users/KryTwo/GolandProjects/bcgen/barcode-generator/gui/openFile.go","line":34},"msg":"проверка на нажатие отмены"}
{"time":"2026-01-21T16:34:43.9046926+03:00","level":"INFO","source":{"function":"barcode-app/gui.makeOpenFile.func1.1","file":"C:/Users/KryTwo/GolandProjects/bcgen/barcode-generator/gui/openFile.go","line":41},"msg":"попытка чтения файла"}
{"time":"2026-01-21T16:34:43.9046926+03:00","level":"INFO","source":{"function":"barcode-app/gui.makeOpenFile.func1.1","file":"C:/Users/KryTwo/GolandProjects/bcgen/barcode-generator/gui/openFile.go","line":49},"msg":"try ProcessFile"}
{"time":"2026-01-21T16:34:43.9046926+03:00","level":"INFO","source":{"function":"barcode-app/app.(*Controller).ProcessFile","file":"C:/Users/KryTwo/GolandProjects/bcgen/barcode-generator/app/controller.go","line":35},"msg":"try csvreader.Read"}
{"time":"2026-01-21T16:34:43.9046926+03:00","level":"INFO","source":{"function":"barcode-app/app.(*Controller).ProcessFile","file":"C:/Users/KryTwo/GolandProjects/bcgen/barcode-generator/app/controller.go","line":37},"msg":"success csvreader.Read"}
{"time":"2026-01-21T16:34:43.9046926+03:00","level":"INFO","source":{"function":"barcode-app/app.(*Controller).RegeneratePreview","file":"C:/Users/KryTwo/GolandProjects/bcgen/barcode-generator/app/controller.go","line":140},"msg":"try RegeneratePreview"}
{"time":"2026-01-21T16:34:43.9046926+03:00","level":"INFO","source":{"function":"barcode-app/app.(*Controller).RegeneratePreview","file":"C:/Users/KryTwo/GolandProjects/bcgen/barcode-generator/app/controller.go","line":145},"msg":"try GenerateCode128"}
{"time":"2026-01-21T16:34:43.9046926+03:00","level":"INFO","source":{"function":"barcode-app/app.(*Controller).RegeneratePreview","file":"C:/Users/KryTwo/GolandProjects/bcgen/barcode-generator/app/controller.go","line":147},"msg":"done GenerateCode128"}
{"time":"2026-01-21T16:34:43.9046926+03:00","level":"INFO","source":{"function":"barcode-app/app.(*Controller).RegeneratePreview","file":"C:/Users/KryTwo/GolandProjects/bcgen/barcode-generator/app/controller.go","line":154},"msg":"try MakePDF"}
{"time":"2026-01-21T16:34:43.9060433+03:00","level":"INFO","source":{"function":"barcode-app/layout.MakePDF","file":"C:/Users/KryTwo/GolandProjects/bcgen/barcode-generator/layout/pdf.go","line":176},"msg":"not try to save to file in pdf.go"}
{"time":"2026-01-21T16:34:43.9083044+03:00","level":"INFO","source":{"function":"barcode-app/layout.MakePDF","file":"C:/Users/KryTwo/GolandProjects/bcgen/barcode-generator/layout/pdf.go","line":181},"msg":"pdf get len pdfbytes"}
{"time":"2026-01-21T16:34:43.9083044+03:00","level":"INFO","source":{"function":"barcode-app/layout.MakePDF","file":"C:/Users/KryTwo/GolandProjects/bcgen/barcode-generator/layout/pdf.go","line":182},"msg":"6595"}
{"time":"2026-01-21T16:34:43.9083044+03:00","level":"INFO","source":{"function":"barcode-app/app.(*Controller).RegeneratePreview","file":"C:/Users/KryTwo/GolandProjects/bcgen/barcode-generator/app/controller.go","line":160},"msg":"done MakePDF"}
{"time":"2026-01-21T16:34:43.9083044+03:00","level":"INFO","source":{"function":"barcode-app/app.(*Controller).RegeneratePreview","file":"C:/Users/KryTwo/GolandProjects/bcgen/barcode-generator/app/controller.go","line":162},"msg":"try BytesPdfToPNGConvert"}
{"time":"2026-01-21T16:34:43.9508129+03:00","level":"INFO","source":{"function":"barcode-app/app.(*Controller).RegeneratePreview","file":"C:/Users/KryTwo/GolandProjects/bcgen/barcode-generator/app/controller.go","line":165},"msg":"done BytesPdfToPNGConvert"}
{"time":"2026-01-21T16:34:43.9516687+03:00","level":"INFO","source":{"function":"barcode-app/app.(*Controller).RegeneratePreview","file":"C:/Users/KryTwo/GolandProjects/bcgen/barcode-generator/app/controller.go","line":170},"msg":"done RegeneratePreview"}
{"time":"2026-01-21T16:34:43.9516687+03:00","level":"INFO","source":{"function":"barcode-app/gui.makeOpenFile.func1.1","file":"C:/Users/KryTwo/GolandProjects/bcgen/barcode-generator/gui/openFile.go","line":56},"msg":"try RegeneradePreview"}
{"time":"2026-01-21T16:34:43.9516687+03:00","level":"INFO","source":{"function":"barcode-app/app.(*Controller).RegeneratePreview","file":"C:/Users/KryTwo/GolandProjects/bcgen/barcode-generator/app/controller.go","line":140},"msg":"try RegeneratePreview"}
{"time":"2026-01-21T16:34:43.9516687+03:00","level":"INFO","source":{"function":"barcode-app/app.(*Controller).RegeneratePreview","file":"C:/Users/KryTwo/GolandProjects/bcgen/barcode-generator/app/controller.go","line":145},"msg":"try GenerateCode128"}
{"time":"2026-01-21T16:34:43.9516687+03:00","level":"INFO","source":{"function":"barcode-app/app.(*Controller).RegeneratePreview","file":"C:/Users/KryTwo/GolandProjects/bcgen/barcode-generator/app/controller.go","line":147},"msg":"done GenerateCode128"}
{"time":"2026-01-21T16:34:43.9516687+03:00","level":"INFO","source":{"function":"barcode-app/app.(*Controller).RegeneratePreview","file":"C:/Users/KryTwo/GolandProjects/bcgen/barcode-generator/app/controller.go","line":154},"msg":"try MakePDF"}
{"time":"2026-01-21T16:34:43.9536498+03:00","level":"INFO","source":{"function":"barcode-app/layout.MakePDF","file":"C:/Users/KryTwo/GolandProjects/bcgen/barcode-generator/layout/pdf.go","line":176},"msg":"not try to save to file in pdf.go"}
{"time":"2026-01-21T16:34:43.9536498+03:00","level":"INFO","source":{"function":"barcode-app/layout.MakePDF","file":"C:/Users/KryTwo/GolandProjects/bcgen/barcode-generator/layout/pdf.go","line":181},"msg":"pdf get len pdfbytes"}
{"time":"2026-01-21T16:34:43.9536498+03:00","level":"INFO","source":{"function":"barcode-app/layout.MakePDF","file":"C:/Users/KryTwo/GolandProjects/bcgen/barcode-generator/layout/pdf.go","line":182},"msg":"6595"}
{"time":"2026-01-21T16:34:43.9536498+03:00","level":"INFO","source":{"function":"barcode-app/app.(*Controller).RegeneratePreview","file":"C:/Users/KryTwo/GolandProjects/bcgen/barcode-generator/app/controller.go","line":160},"msg":"done MakePDF"}
{"time":"2026-01-21T16:34:43.9536498+03:00","level":"INFO","source":{"function":"barcode-app/app.(*Controller).RegeneratePreview","file":"C:/Users/KryTwo/GolandProjects/bcgen/barcode-generator/app/controller.go","line":162},"msg":"try BytesPdfToPNGConvert"}
{"time":"2026-01-21T16:34:43.9890262+03:00","level":"INFO","source":{"function":"barcode-app/app.(*Controller).RegeneratePreview","file":"C:/Users/KryTwo/GolandProjects/bcgen/barcode-generator/app/controller.go","line":165},"msg":"done BytesPdfToPNGConvert"}
{"time":"2026-01-21T16:34:43.9895615+03:00","level":"INFO","source":{"function":"barcode-app/app.(*Controller).RegeneratePreview","file":"C:/Users/KryTwo/GolandProjects/bcgen/barcode-generator/app/controller.go","line":170},"msg":"done RegeneratePreview"}
{"time":"2026-01-21T16:34:43.9895615+03:00","level":"INFO","source":{"function":"barcode-app/gui.makeOpenFile.func1.1","file":"C:/Users/KryTwo/GolandProjects/bcgen/barcode-generator/gui/openFile.go","line":58},"msg":"success RegeneradePreview"}
{"time":"2026-01-21T16:34:52.7785673+03:00","level":"INFO","source":{"function":"main.main","file":"C:/Users/KryTwo/GolandProjects/bcgen/barcode-generator/main.go","line":14},"msg":"start main"}
{"time":"2026-01-21T16:34:52.8307717+03:00","level":"INFO","source":{"function":"barcode-app/app.(*Controller).RegeneratePreview","file":"C:/Users/KryTwo/GolandProjects/bcgen/barcode-generator/app/controller.go","line":140},"msg":"try RegeneratePreview"}
{"time":"2026-01-21T16:34:52.8312844+03:00","level":"INFO","source":{"function":"barcode-app/gui.makeOpenFile","file":"C:/Users/KryTwo/GolandProjects/bcgen/barcode-generator/gui/openFile.go","line":22},"msg":"start makeOpenFile"}
{"time":"2026-01-21T16:34:53.7695769+03:00","level":"INFO","source":{"function":"barcode-app/gui.makeOpenFile.func1","file":"C:/Users/KryTwo/GolandProjects/bcgen/barcode-generator/gui/openFile.go","line":25},"msg":"попытка открытия файла"}
{"time":"2026-01-21T16:34:54.4033502+03:00","level":"INFO","source":{"function":"barcode-app/gui.makeOpenFile.func1.1","file":"C:/Users/KryTwo/GolandProjects/bcgen/barcode-generator/gui/openFile.go","line":34},"msg":"проверка на нажатие отмены"}
{"time":"2026-01-21T16:34:54.4033502+03:00","level":"INFO","source":{"function":"barcode-app/gui.makeOpenFile.func1.1","file":"C:/Users/KryTwo/GolandProjects/bcgen/barcode-generator/gui/openFile.go","line":41},"msg":"попытка чтения файла"}
{"time":"2026-01-21T16:34:54.4034035+03:00","level":"INFO","source":{"function":"barcode-app/gui.makeOpenFile.func1.1","file":"C:/Users/KryTwo/GolandProjects/bcgen/barcode-generator/gui/openFile.go","line":49},"msg":"try ProcessFile"}
{"time":"2026-01-21T16:34:54.4034035+03:00","level":"INFO","source":{"function":"barcode-app/app.(*Controller).ProcessFile","file":"C:/Users/KryTwo/GolandProjects/bcgen/barcode-generator/app/controller.go","line":35},"msg":"try csvreader.Read"}
{"time":"2026-01-21T16:34:54.4034035+03:00","level":"INFO","source":{"function":"barcode-app/app.(*Controller).ProcessFile","file":"C:/Users/KryTwo/GolandProjects/bcgen/barcode-generator/app/controller.go","line":37},"msg":"success csvreader.Read"}
{"time":"2026-01-21T16:34:54.4034035+03:00","level":"INFO","source":{"function":"barcode-app/app.(*Controller).RegeneratePreview","file":"C:/Users/KryTwo/GolandProjects/bcgen/barcode-generator/app/controller.go","line":140},"msg":"try RegeneratePreview"}
{"time":"2026-01-21T16:34:54.4034035+03:00","level":"INFO","source":{"function":"barcode-app/app.(*Controller).RegeneratePreview","file":"C:/Users/KryTwo/GolandProjects/bcgen/barcode-generator/app/controller.go","line":145},"msg":"try GenerateCode128"}
{"time":"2026-01-21T16:34:54.4034035+03:00","level":"INFO","source":{"function":"barcode-app/app.(*Controller).RegeneratePreview","file":"C:/Users/KryTwo/GolandProjects/bcgen/barcode-generator/app/controller.go","line":147},"msg":"done GenerateCode128"}
{"time":"2026-01-21T16:34:54.4034035+03:00","level":"INFO","source":{"function":"barcode-app/app.(*Controller).RegeneratePreview","file":"C:/Users/KryTwo/GolandProjects/bcgen/barcode-generator/app/controller.go","line":154},"msg":"try MakePDF"}
{"time":"2026-01-21T16:34:54.4052653+03:00","level":"INFO","source":{"function":"barcode-app/layout.MakePDF","file":"C:/Users/KryTwo/GolandProjects/bcgen/barcode-generator/layout/pdf.go","line":176},"msg":"not try to save to file in pdf.go"}
{"time":"2026-01-21T16:34:54.4059008+03:00","level":"INFO","source":{"function":"barcode-app/layout.MakePDF","file":"C:/Users/KryTwo/GolandProjects/bcgen/barcode-generator/layout/pdf.go","line":181},"msg":"pdf get len pdfbytes"}
{"time":"2026-01-21T16:34:54.4059008+03:00","level":"INFO","source":{"function":"barcode-app/layout.MakePDF","file":"C:/Users/KryTwo/GolandProjects/bcgen/barcode-generator/layout/pdf.go","line":182},"msg":"6598"}
{"time":"2026-01-21T16:34:54.4059008+03:00","level":"INFO","source":{"function":"barcode-app/app.(*Controller).RegeneratePreview","file":"C:/Users/KryTwo/GolandProjects/bcgen/barcode-generator/app/controller.go","line":160},"msg":"done MakePDF"}
{"time":"2026-01-21T16:34:54.4059008+03:00","level":"INFO","source":{"function":"barcode-app/app.(*Controller).RegeneratePreview","file":"C:/Users/KryTwo/GolandProjects/bcgen/barcode-generator/app/controller.go","line":162},"msg":"try BytesPdfToPNGConvert"}
{"time":"2026-01-21T16:34:54.4509295+03:00","level":"INFO","source":{"function":"barcode-app/app.(*Controller).RegeneratePreview","file":"C:/Users/KryTwo/GolandProjects/bcgen/barcode-generator/app/controller.go","line":165},"msg":"done BytesPdfToPNGConvert"}
{"time":"2026-01-21T16:34:54.4509295+03:00","level":"INFO","source":{"function":"barcode-app/app.(*Controller).RegeneratePreview","file":"C:/Users/KryTwo/GolandProjects/bcgen/barcode-generator/app/controller.go","line":170},"msg":"done RegeneratePreview"}
{"time":"2026-01-21T16:34:54.4509295+03:00","level":"INFO","source":{"function":"barcode-app/gui.makeOpenFile.func1.1","file":"C:/Users/KryTwo/GolandProjects/bcgen/barcode-generator/gui/openFile.go","line":56},"msg":"try RegeneradePreview"}
{"time":"2026-01-21T16:34:54.4509295+03:00","level":"INFO","source":{"function":"barcode-app/app.(*Controller).RegeneratePreview","file":"C:/Users/KryTwo/GolandProjects/bcgen/barcode-generator/app/controller.go","line":140},"msg":"try RegeneratePreview"}
{"time":"2026-01-21T16:34:54.4509295+03:00","level":"INFO","source":{"function":"barcode-app/app.(*Controller).RegeneratePreview","file":"C:/Users/KryTwo/GolandProjects/bcgen/barcode-generator/app/controller.go","line":145},"msg":"try GenerateCode128"}
{"time":"2026-01-21T16:34:54.4509295+03:00","level":"INFO","source":{"function":"barcode-app/app.(*Controller).RegeneratePreview","file":"C:/Users/KryTwo/GolandProjects/bcgen/barcode-generator/app/controller.go","line":147},"msg":"done GenerateCode128"}
{"time":"2026-01-21T16:34:54.4509295+03:00","level":"INFO","source":{"function":"barcode-app/app.(*Controller).RegeneratePreview","file":"C:/Users/KryTwo/GolandProjects/bcgen/barcode-generator/app/controller.go","line":154},"msg":"try MakePDF"}
{"time":"2026-01-21T16:34:54.4529303+03:00","level":"INFO","source":{"function":"barcode-app/layout.MakePDF","file":"C:/Users/KryTwo/GolandProjects/bcgen/barcode-generator/layout/pdf.go","line":176},"msg":"not try to save to file in pdf.go"}
{"time":"2026-01-21T16:34:54.4539315+03:00","level":"INFO","source":{"function":"barcode-app/layout.MakePDF","file":"C:/Users/KryTwo/GolandProjects/bcgen/barcode-generator/layout/pdf.go","line":181},"msg":"pdf get len pdfbytes"}
{"time":"2026-01-21T16:34:54.4539315+03:00","level":"INFO","source":{"function":"barcode-app/layout.MakePDF","file":"C:/Users/KryTwo/GolandProjects/bcgen/barcode-generator/layout/pdf.go","line":182},"msg":"6598"}
{"time":"2026-01-21T16:34:54.4539315+03:00","level":"INFO","source":{"function":"barcode-app/app.(*Controller).RegeneratePreview","file":"C:/Users/KryTwo/GolandProjects/bcgen/barcode-generator/app/controller.go","line":160},"msg":"done MakePDF"}
{"time":"2026-01-21T16:34:54.4539315+03:00","level":"INFO","source":{"function":"barcode-app/app.(*Controller).RegeneratePreview","file":"C:/Users/KryTwo/GolandProjects/bcgen/barcode-generator/app/controller.go","line":162},"msg":"try BytesPdfToPNGConvert"}
{"time":"2026-01-21T16:34:54.4891827+03:00","level":"INFO","source":{"function":"barcode-app/app.(*Controller).RegeneratePreview","file":"C:/Users/KryTwo/GolandProjects/bcgen/barcode-generator/app/controller.go","line":165},"msg":"done BytesPdfToPNGConvert"}
{"time":"2026-01-21T16:34:54.4898433+03:00","level":"INFO","source":{"function":"barcode-app/app.(*Controller).RegeneratePreview","file":"C:/Users/KryTwo/GolandProjects/bcgen/barcode-generator/app/controller.go","line":170},"msg":"done RegeneratePreview"}
{"time":"2026-01-21T16:34:54.4898433+03:00","level":"INFO","source":{"function":"barcode-app/gui.makeOpenFile.func1.1","file":"C:/Users/KryTwo/GolandProjects/bcgen/barcode-generator/gui/openFile.go","line":58},"msg":"success RegeneradePreview"}
{"time":"2026-01-21T16:35:52.157961+03:00","level":"INFO","source":{"function":"main.main","file":"C:/Users/KryTwo/GolandProjects/bcgen/barcode-generator/main.go","line":14},"msg":"start main"}
{"time":"2026-01-21T16:35:52.1999362+03:00","level":"INFO","source":{"function":"barcode-app/app.(*Controller).RegeneratePreview","file":"C:/Users/KryTwo/GolandProjects/bcgen/barcode-generator/app/controller.go","line":140},"msg":"try RegeneratePreview"}
{"time":"2026-01-21T16:35:52.2005125+03:00","level":"INFO","source":{"function":"barcode-app/gui.makeOpenFile","file":"C:/Users/KryTwo/GolandProjects/bcgen/barcode-generator/gui/openFile.go","line":22},"msg":"start makeOpenFile"}
{"time":"2026-01-21T16:35:53.2170465+03:00","level":"INFO","source":{"function":"barcode-app/gui.makeOpenFile.func1","file":"C:/Users/KryTwo/GolandProjects/bcgen/barcode-generator/gui/openFile.go","line":25},"msg":"попытка открытия файла"}
{"time":"2026-01-21T16:35:54.0836921+03:00","level":"INFO","source":{"function":"barcode-app/gui.makeOpenFile.func1.1","file":"C:/Users/KryTwo/GolandProjects/bcgen/barcode-generator/gui/openFile.go","line":34},"msg":"проверка на нажатие отмены"}
{"time":"2026-01-21T16:35:54.0836921+03:00","level":"INFO","source":{"function":"barcode-app/gui.makeOpenFile.func1.1","file":"C:/Users/KryTwo/GolandProjects/bcgen/barcode-generator/gui/openFile.go","line":41},"msg":"попытка чтения файла"}
{"time":"2026-01-21T16:35:54.0836921+03:00","level":"INFO","source":{"function":"barcode-app/gui.makeOpenFile.func1.1","file":"C:/Users/KryTwo/GolandProjects/bcgen/barcode-generator/gui/openFile.go","line":49},"msg":"try ProcessFile"}
{"time":"2026-01-21T16:35:54.0836921+03:00","level":"INFO","source":{"function":"barcode-app/app.(*Controller).ProcessFile","file":"C:/Users/KryTwo/GolandProjects/bcgen/barcode-generator/app/controller.go","line":35},"msg":"try csvreader.Read"}
{"time":"2026-01-21T16:35:54.0836921+03:00","level":"INFO","source":{"function":"barcode-app/app.(*Controller).ProcessFile","file":"C:/Users/KryTwo/GolandProjects/bcgen/barcode-generator/app/controller.go","line":37},"msg":"success csvreader.Read"}
{"time":"2026-01-21T16:35:54.0836921+03:00","level":"INFO","source":{"function":"barcode-app/app.(*Controller).RegeneratePreview","file":"C:/Users/KryTwo/GolandProjects/bcgen/barcode-generator/app/controller.go","line":140},"msg":"try RegeneratePreview"}
{"time":"2026-01-21T16:35:54.0836921+03:00","level":"INFO","source":{"function":"barcode-app/app.(*Controller).RegeneratePreview","file":"C:/Users/KryTwo/GolandProjects/bcgen/barcode-generator/app/controller.go","line":145},"msg":"try GenerateCode128"}
{"time":"2026-01-21T16:35:54.0836921+03:00","level":"INFO","source":{"function":"barcode-app/app.(*Controller).RegeneratePreview","file":"C:/Users/KryTwo/GolandProjects/bcgen/barcode-generator/app/controller.go","line":147},"msg":"done GenerateCode128"}
{"time":"2026-01-21T16:35:54.0836921+03:00","level":"INFO","source":{"function":"barcode-app/app.(*Controller).RegeneratePreview","file":"C:/Users/KryTwo/GolandProjects/bcgen/barcode-generator/app/controller.go","line":154},"msg":"try MakePDF"}
{"time":"2026-01-21T16:35:54.0878597+03:00","level":"INFO","source":{"function":"barcode-app/layout.MakePDF","file":"C:/Users/KryTwo/GolandProjects/bcgen/barcode-generator/layout/pdf.go","line":176},"msg":"not try to save to file in pdf.go"}
{"time":"2026-01-21T16:35:54.0878597+03:00","level":"INFO","source":{"function":"barcode-app/layout.MakePDF","file":"C:/Users/KryTwo/GolandProjects/bcgen/barcode-generator/layout/pdf.go","line":181},"msg":"pdf get len pdfbytes"}
{"time":"2026-01-21T16:35:54.0878597+03:00","level":"INFO","source":{"function":"barcode-app/layout.MakePDF","file":"C:/Users/KryTwo/GolandProjects/bcgen/barcode-generator/layout/pdf.go","line":182},"msg":"0"}
{"time":"2026-01-21T16:35:54.0878597+03:00","level":"ERROR","source":{"function":"barcode-app/logger.LogError","file":"C:/Users/KryTwo/GolandProjects/bcgen/barcode-generator/logger/logger.go","line":26},"msg":"cannot get PDFBytes","Ошибка":"empty pdfbytes"}
{"time":"2026-01-21T16:35:54.0878597+03:00","level":"INFO","source":{"function":"barcode-app/gui.makeOpenFile.func1.1","file":"C:/Users/KryTwo/GolandProjects/bcgen/barcode-generator/gui/openFile.go","line":56},"msg":"try RegeneradePreview"}
{"time":"2026-01-21T16:35:54.0878597+03:00","level":"INFO","source":{"function":"barcode-app/app.(*Controller).RegeneratePreview","file":"C:/Users/KryTwo/GolandProjects/bcgen/barcode-generator/app/controller.go","line":140},"msg":"try RegeneratePreview"}
{"time":"2026-01-21T16:35:54.0878597+03:00","level":"INFO","source":{"function":"barcode-app/app.(*Controller).RegeneratePreview","file":"C:/Users/KryTwo/GolandProjects/bcgen/barcode-generator/app/controller.go","line":145},"msg":"try GenerateCode128"}
{"time":"2026-01-21T16:35:54.0878597+03:00","level":"INFO","source":{"function":"barcode-app/app.(*Controller).RegeneratePreview","file":"C:/Users/KryTwo/GolandProjects/bcgen/barcode-generator/app/controller.go","line":147},"msg":"done GenerateCode128"}
{"time":"2026-01-21T16:35:54.0878597+03:00","level":"INFO","source":{"function":"barcode-app/app.(*Controller).RegeneratePreview","file":"C:/Users/KryTwo/GolandProjects/bcgen/barcode-generator/app/controller.go","line":154},"msg":"try MakePDF"}
{"time":"2026-01-21T16:35:54.0901967+03:00","level":"INFO","source":{"function":"barcode-app/layout.MakePDF","file":"C:/Users/KryTwo/GolandProjects/bcgen/barcode-generator/layout/pdf.go","line":176},"msg":"not try to save to file in pdf.go"}
{"time":"2026-01-21T16:35:54.0901967+03:00","level":"INFO","source":{"function":"barcode-app/layout.MakePDF","file":"C:/Users/KryTwo/GolandProjects/bcgen/barcode-generator/layout/pdf.go","line":181},"msg":"pdf get len pdfbytes"}
{"time":"2026-01-21T16:35:54.0901967+03:00","level":"INFO","source":{"function":"barcode-app/layout.MakePDF","file":"C:/Users/KryTwo/GolandProjects/bcgen/barcode-generator/layout/pdf.go","line":182},"msg":"0"}
{"time":"2026-01-21T16:35:54.0901967+03:00","level":"ERROR","source":{"function":"barcode-app/logger.LogError","file":"C:/Users/KryTwo/GolandProjects/bcgen/barcode-generator/logger/logger.go","line":26},"msg":"cannot get PDFBytes","Ошибка":"empty pdfbytes"}
{"time":"2026-01-21T16:35:54.0901967+03:00","level":"INFO","source":{"function":"barcode-app/gui.makeOpenFile.func1.1","file":"C:/Users/KryTwo/GolandProjects/bcgen/barcode-generator/gui/openFile.go","line":58},"msg":"success RegeneradePreview"}
{"time":"2026-01-21T16:36:11.6499593+03:00","level":"INFO","source":{"function":"main.main","file":"C:/Users/KryTwo/GolandProjects/bcgen/barcode-generator/main.go","line":14},"msg":"start main"}
{"time":"2026-01-21T16:36:11.69683+03:00","level":"INFO","source":{"function":"barcode-app/app.(*Controller).RegeneratePreview","file":"C:/Users/KryTwo/GolandProjects/bcgen/barcode-generator/app/controller.go","line":140},"msg":"try RegeneratePreview"}
{"time":"2026-01-21T16:36:11.6973548+03:00","level":"INFO","source":{"function":"barcode-app/gui.makeOpenFile","file":"C:/Users/KryTwo/GolandProjects/bcgen/barcode-generator/gui/openFile.go","line":22},"msg":"start makeOpenFile"}
{"time":"2026-01-21T16:36:12.8076366+03:00","level":"INFO","source":{"function":"barcode-app/gui.makeOpenFile.func1","file":"C:/Users/KryTwo/GolandProjects/bcgen/barcode-generator/gui/openFile.go","line":25},"msg":"попытка открытия файла"}
{"time":"2026-01-21T16:36:13.4577049+03:00","level":"INFO","source":{"function":"barcode-app/gui.makeOpenFile.func1.1","file":"C:/Users/KryTwo/GolandProjects/bcgen/barcode-generator/gui/openFile.go","line":34},"msg":"проверка на нажатие отмены"}
{"time":"2026-01-21T16:36:13.4577049+03:00","level":"INFO","source":{"function":"barcode-app/gui.makeOpenFile.func1.1","file":"C:/Users/KryTwo/GolandProjects/bcgen/barcode-generator/gui/openFile.go","line":41},"msg":"попытка чтения файла"}
{"time":"2026-01-21T16:36:13.4577049+03:00","level":"INFO","source":{"function":"barcode-app/gui.makeOpenFile.func1.1","file":"C:/Users/KryTwo/GolandProjects/bcgen/barcode-generator/gui/openFile.go","line":49},"msg":"try ProcessFile"}
{"time":"2026-01-21T16:36:13.4577049+03:00","level":"INFO","source":{"function":"barcode-app/app.(*Controller).ProcessFile","file":"C:/Users/KryTwo/GolandProjects/bcgen/barcode-generator/app/controller.go","line":35},"msg":"try csvreader.Read"}
{"time":"2026-01-21T16:36:13.4577049+03:00","level":"INFO","source":{"function":"barcode-app/app.(*Controller).ProcessFile","file":"C:/Users/KryTwo/GolandProjects/bcgen/barcode-generator/app/controller.go","line":37},"msg":"success csvreader.Read"}
{"time":"2026-01-21T16:36:13.4577049+03:00","level":"INFO","source":{"function":"barcode-app/app.(*Controller).RegeneratePreview","file":"C:/Users/KryTwo/GolandProjects/bcgen/barcode-generator/app/controller.go","line":140},"msg":"try RegeneratePreview"}
{"time":"2026-01-21T16:36:13.4577049+03:00","level":"INFO","source":{"function":"barcode-app/app.(*Controller).RegeneratePreview","file":"C:/Users/KryTwo/GolandProjects/bcgen/barcode-generator/app/controller.go","line":145},"msg":"try GenerateCode128"}
{"time":"2026-01-21T16:36:13.4577049+03:00","level":"INFO","source":{"function":"barcode-app/app.(*Controller).RegeneratePreview","file":"C:/Users/KryTwo/GolandProjects/bcgen/barcode-generator/app/controller.go","line":147},"msg":"done GenerateCode128"}
{"time":"2026-01-21T16:36:13.4577049+03:00","level":"INFO","source":{"function":"barcode-app/app.(*Controller).RegeneratePreview","file":"C:/Users/KryTwo/GolandProjects/bcgen/barcode-generator/app/controller.go","line":154},"msg":"try MakePDF"}
{"time":"2026-01-21T16:36:13.4621949+03:00","level":"INFO","source":{"function":"barcode-app/layout.MakePDF","file":"C:/Users/KryTwo/GolandProjects/bcgen/barcode-generator/layout/pdf.go","line":176},"msg":"not try to save to file in pdf.go"}
{"time":"2026-01-21T16:36:13.4621949+03:00","level":"INFO","source":{"function":"barcode-app/layout.MakePDF","file":"C:/Users/KryTwo/GolandProjects/bcgen/barcode-generator/layout/pdf.go","line":181},"msg":"pdf get len pdfbytes"}
{"time":"2026-01-21T16:36:13.4621949+03:00","level":"INFO","source":{"function":"barcode-app/layout.MakePDF","file":"C:/Users/KryTwo/GolandProjects/bcgen/barcode-generator/layout/pdf.go","line":182},"msg":"0"}
{"time":"2026-01-21T16:36:13.4621949+03:00","level":"ERROR","source":{"function":"barcode-app/logger.LogError","file":"C:/Users/KryTwo/GolandProjects/bcgen/barcode-generator/logger/logger.go","line":26},"msg":"cannot get PDFBytes","Ошибка":"empty pdfbytes"}
{"time":"2026-01-21T16:36:13.4621949+03:00","level":"INFO","source":{"function":"barcode-app/gui.makeOpenFile.func1.1","file":"C:/Users/KryTwo/GolandProjects/bcgen/barcode-generator/gui/openFile.go","line":56},"msg":"try RegeneradePreview"}
{"time":"2026-01-21T16:36:13.4621949+03:00","level":"INFO","source":{"function":"barcode-app/app.(*Controller).RegeneratePreview","file":"C:/Users/KryTwo/GolandProjects/bcgen/barcode-generator/app/controller.go","line":140},"msg":"try RegeneratePreview"}
{"time":"2026-01-21T16:36:13.4621949+03:00","level":"INFO","source":{"function":"barcode-app/app.(*Controller).RegeneratePreview","file":"C:/Users/KryTwo/GolandProjects/bcgen/barcode-generator/app/controller.go","line":145},"msg":"try GenerateCode128"}
{"time":"2026-01-21T16:36:13.4621949+03:00","level":"INFO","source":{"function":"barcode-app/app.(*Controller).RegeneratePreview","file":"C:/Users/KryTwo/GolandProjects/bcgen/barcode-generator/app/controller.go","line":147},"msg":"done GenerateCode128"}
{"time":"2026-01-21T16:36:13.4621949+03:00","level":"INFO","source":{"function":"barcode-app/app.(*Controller).RegeneratePreview","file":"C:/Users/KryTwo/GolandProjects/bcgen/barcode-generator/app/controller.go","line":154},"msg":"try MakePDF"}
{"time":"2026-01-21T16:36:13.4634267+03:00","level":"INFO","source":{"function":"barcode-app/layout.MakePDF","file":"C:/Users/KryTwo/GolandProjects/bcgen/barcode-generator/layout/pdf.go","line":176},"msg":"not try to save to file in pdf.go"}
{"time":"2026-01-21T16:36:13.4634267+03:00","level":"INFO","source":{"function":"barcode-app/layout.MakePDF","file":"C:/Users/KryTwo/GolandProjects/bcgen/barcode-generator/layout/pdf.go","line":181},"msg":"pdf get len pdfbytes"}
{"time":"2026-01-21T16:36:13.4634267+03:00","level":"INFO","source":{"function":"barcode-app/layout.MakePDF","file":"C:/Users/KryTwo/GolandProjects/bcgen/barcode-generator/layout/pdf.go","line":182},"msg":"0"}
{"time":"2026-01-21T16:36:13.4634267+03:00","level":"ERROR","source":{"function":"barcode-app/logger.LogError","file":"C:/Users/KryTwo/GolandProjects/bcgen/barcode-generator/logger/logger.go","line":26},"msg":"cannot get PDFBytes","Ошибка":"empty pdfbytes"}
{"time":"2026-01-21T16:36:13.4634267+03:00","level":"INFO","source":{"function":"barcode-app/gui.makeOpenFile.func1.1","file":"C:/Users/KryTwo/GolandProjects/bcgen/barcode-generator/gui/openFile.go","line":58},"msg":"success RegeneradePreview"}
{"time":"2026-01-21T16:36:26.8027951+03:00","level":"INFO","source":{"function":"main.main","file":"C:/Users/KryTwo/GolandProjects/bcgen/barcode-generator/main.go","line":14},"msg":"start main"}
{"time":"2026-01-21T16:36:26.8507317+03:00","level":"INFO","source":{"function":"barcode-app/app.(*Controller).RegeneratePreview","file":"C:/Users/KryTwo/GolandProjects/bcgen/barcode-generator/app/controller.go","line":140},"msg":"try RegeneratePreview"}
{"time":"2026-01-21T16:36:26.8523842+03:00","level":"INFO","source":{"function":"barcode-app/gui.makeOpenFile","file":"C:/Users/KryTwo/GolandProjects/bcgen/barcode-generator/gui/openFile.go","line":22},"msg":"start makeOpenFile"}
{"time":"2026-01-21T16:36:28.1478945+03:00","level":"INFO","source":{"function":"barcode-app/gui.makeOpenFile.func1","file":"C:/Users/KryTwo/GolandProjects/bcgen/barcode-generator/gui/openFile.go","line":25},"msg":"попытка открытия файла"}
{"time":"2026-01-21T16:36:28.7313019+03:00","level":"INFO","source":{"function":"barcode-app/gui.makeOpenFile.func1.1","file":"C:/Users/KryTwo/GolandProjects/bcgen/barcode-generator/gui/openFile.go","line":34},"msg":"проверка на нажатие отмены"}
{"time":"2026-01-21T16:36:28.7313019+03:00","level":"INFO","source":{"function":"barcode-app/gui.makeOpenFile.func1.1","file":"C:/Users/KryTwo/GolandProjects/bcgen/barcode-generator/gui/openFile.go","line":41},"msg":"попытка чтения файла"}
{"time":"2026-01-21T16:36:28.7313019+03:00","level":"INFO","source":{"function":"barcode-app/gui.makeOpenFile.func1.1","file":"C:/Users/KryTwo/GolandProjects/bcgen/barcode-generator/gui/openFile.go","line":49},"msg":"try ProcessFile"}
{"time":"2026-01-21T16:36:28.7313019+03:00","level":"INFO","source":{"function":"barcode-app/app.(*Controller).ProcessFile","file":"C:/Users/KryTwo/GolandProjects/bcgen/barcode-generator/app/controller.go","line":35},"msg":"try csvreader.Read"}
{"time":"2026-01-21T16:36:28.7313019+03:00","level":"INFO","source":{"function":"barcode-app/app.(*Controller).ProcessFile","file":"C:/Users/KryTwo/GolandProjects/bcgen/barcode-generator/app/controller.go","line":37},"msg":"success csvreader.Read"}
{"time":"2026-01-21T16:36:28.7313019+03:00","level":"INFO","source":{"function":"barcode-app/app.(*Controller).RegeneratePreview","file":"C:/Users/KryTwo/GolandProjects/bcgen/barcode-generator/app/controller.go","line":140},"msg":"try RegeneratePreview"}
{"time":"2026-01-21T16:36:28.7313019+03:00","level":"INFO","source":{"function":"barcode-app/app.(*Controller).RegeneratePreview","file":"C:/Users/KryTwo/GolandProjects/bcgen/barcode-generator/app/controller.go","line":145},"msg":"try GenerateCode128"}
{"time":"2026-01-21T16:36:28.7313019+03:00","level":"INFO","source":{"function":"barcode-app/app.(*Controller).RegeneratePreview","file":"C:/Users/KryTwo/GolandProjects/bcgen/barcode-generator/app/controller.go","line":147},"msg":"done GenerateCode128"}
{"time":"2026-01-21T16:36:28.7313019+03:00","level":"INFO","source":{"function":"barcode-app/app.(*Controller).RegeneratePreview","file":"C:/Users/KryTwo/GolandProjects/bcgen/barcode-generator/app/controller.go","line":154},"msg":"try MakePDF"}
{"time":"2026-01-21T16:36:28.7325217+03:00","level":"INFO","source":{"function":"barcode-app/layout.MakePDF","file":"C:/Users/KryTwo/GolandProjects/bcgen/barcode-generator/layout/pdf.go","line":175},"msg":"not try to save to file in pdf.go"}
{"time":"2026-01-21T16:36:28.7325217+03:00","level":"INFO","source":{"function":"barcode-app/layout.MakePDF","file":"C:/Users/KryTwo/GolandProjects/bcgen/barcode-generator/layout/pdf.go","line":180},"msg":"pdf get len pdfbytes"}
{"time":"2026-01-21T16:36:28.7325217+03:00","level":"INFO","source":{"function":"barcode-app/layout.MakePDF","file":"C:/Users/KryTwo/GolandProjects/bcgen/barcode-generator/layout/pdf.go","line":181},"msg":"0"}
{"time":"2026-01-21T16:36:28.7325217+03:00","level":"ERROR","source":{"function":"barcode-app/logger.LogError","file":"C:/Users/KryTwo/GolandProjects/bcgen/barcode-generator/logger/logger.go","line":26},"msg":"cannot get PDFBytes","Ошибка":"empty pdfbytes"}
{"time":"2026-01-21T16:36:28.7325217+03:00","level":"INFO","source":{"function":"barcode-app/gui.makeOpenFile.func1.1","file":"C:/Users/KryTwo/GolandProjects/bcgen/barcode-generator/gui/openFile.go","line":56},"msg":"try RegeneradePreview"}
{"time":"2026-01-21T16:36:28.7325217+03:00","level":"INFO","source":{"function":"barcode-app/app.(*Controller).RegeneratePreview","file":"C:/Users/KryTwo/GolandProjects/bcgen/barcode-generator/app/controller.go","line":140},"msg":"try RegeneratePreview"}
{"time":"2026-01-21T16:36:28.7325217+03:00","level":"INFO","source":{"function":"barcode-app/app.(*Controller).RegeneratePreview","file":"C:/Users/KryTwo/GolandProjects/bcgen/barcode-generator/app/controller.go","line":145},"msg":"try GenerateCode128"}
{"time":"2026-01-21T16:36:28.7325217+03:00","level":"INFO","source":{"function":"barcode-app/app.(*Controller).RegeneratePreview","file":"C:/Users/KryTwo/GolandProjects/bcgen/barcode-generator/app/controller.go","line":147},"msg":"done GenerateCode128"}
{"time":"2026-01-21T16:36:28.7325217+03:00","level":"INFO","source":{"function":"barcode-app/app.(*Controller).RegeneratePreview","file":"C:/Users/KryTwo/GolandProjects/bcgen/barcode-generator/app/controller.go","line":154},"msg":"try MakePDF"}
{"time":"2026-01-21T16:36:28.7360649+03:00","level":"INFO","source":{"function":"barcode-app/layout.MakePDF","file":"C:/Users/KryTwo/GolandProjects/bcgen/barcode-generator/layout/pdf.go","line":175},"msg":"not try to save to file in pdf.go"}
{"time":"2026-01-21T16:36:28.7360649+03:00","level":"INFO","source":{"function":"barcode-app/layout.MakePDF","file":"C:/Users/KryTwo/GolandProjects/bcgen/barcode-generator/layout/pdf.go","line":180},"msg":"pdf get len pdfbytes"}
{"time":"2026-01-21T16:36:28.7360649+03:00","level":"INFO","source":{"function":"barcode-app/layout.MakePDF","file":"C:/Users/KryTwo/GolandProjects/bcgen/barcode-generator/layout/pdf.go","line":181},"msg":"0"}
{"time":"2026-01-21T16:36:28.7360649+03:00","level":"ERROR","source":{"function":"barcode-app/logger.LogError","file":"C:/Users/KryTwo/GolandProjects/bcgen/barcode-generator/logger/logger.go","line":26},"msg":"cannot get PDFBytes","Ошибка":"empty pdfbytes"}
{"time":"2026-01-21T16:36:28.7360649+03:00","level":"INFO","source":{"function":"barcode-app/gui.makeOpenFile.func1.1","file":"C:/Users/KryTwo/GolandProjects/bcgen/barcode-generator/gui/openFile.go","line":58},"msg":"success RegeneradePreview"}
{"time":"2026-01-21T16:36:33.1267803+03:00","level":"INFO","source":{"function":"main.main","file":"C:/Users/KryTwo/GolandProjects/bcgen/barcode-generator/main.go","line":14},"msg":"start main"}
{"time":"2026-01-21T16:36:33.1739897+03:00","level":"INFO","source":{"function":"barcode-app/app.(*Controller).RegeneratePreview","file":"C:/Users/KryTwo/GolandProjects/bcgen/barcode-generator/app/controller.go","line":140},"msg":"try RegeneratePreview"}
{"time":"2026-01-21T16:36:33.1740404+03:00","level":"INFO","source":{"function":"barcode-app/gui.makeOpenFile","file":"C:/Users/KryTwo/GolandProjects/bcgen/barcode-generator/gui/openFile.go","line":22},"msg":"start makeOpenFile"}
{"time":"2026-01-21T16:36:34.4475032+03:00","level":"INFO","source":{"function":"barcode-app/gui.makeOpenFile.func1","file":"C:/Users/KryTwo/GolandProjects/bcgen/barcode-generator/gui/openFile.go","line":25},"msg":"попытка открытия файла"}
{"time":"2026-01-21T16:36:35.0971071+03:00","level":"INFO","source":{"function":"barcode-app/gui.makeOpenFile.func1.1","file":"C:/Users/KryTwo/GolandProjects/bcgen/barcode-generator/gui/openFile.go","line":34},"msg":"проверка на нажатие отмены"}
{"time":"2026-01-21T16:36:35.0971071+03:00","level":"INFO","source":{"function":"barcode-app/gui.makeOpenFile.func1.1","file":"C:/Users/KryTwo/GolandProjects/bcgen/barcode-generator/gui/openFile.go","line":41},"msg":"попытка чтения файла"}
{"time":"2026-01-21T16:36:35.0971071+03:00","level":"INFO","source":{"function":"barcode-app/gui.makeOpenFile.func1.1","file":"C:/Users/KryTwo/GolandProjects/bcgen/barcode-generator/gui/openFile.go","line":49},"msg":"try ProcessFile"}
{"time":"2026-01-21T16:36:35.0971071+03:00","level":"INFO","source":{"function":"barcode-app/app.(*Controller).ProcessFile","file":"C:/Users/KryTwo/GolandProjects/bcgen/barcode-generator/app/controller.go","line":35},"msg":"try csvreader.Read"}
{"time":"2026-01-21T16:36:35.0971071+03:00","level":"INFO","source":{"function":"barcode-app/app.(*Controller).ProcessFile","file":"C:/Users/KryTwo/GolandProjects/bcgen/barcode-generator/app/controller.go","line":37},"msg":"success csvreader.Read"}
{"time":"2026-01-21T16:36:35.0971071+03:00","level":"INFO","source":{"function":"barcode-app/app.(*Controller).RegeneratePreview","file":"C:/Users/KryTwo/GolandProjects/bcgen/barcode-generator/app/controller.go","line":140},"msg":"try RegeneratePreview"}
{"time":"2026-01-21T16:36:35.0971071+03:00","level":"INFO","source":{"function":"barcode-app/app.(*Controller).RegeneratePreview","file":"C:/Users/KryTwo/GolandProjects/bcgen/barcode-generator/app/controller.go","line":145},"msg":"try GenerateCode128"}
{"time":"2026-01-21T16:36:35.0971071+03:00","level":"INFO","source":{"function":"barcode-app/app.(*Controller).RegeneratePreview","file":"C:/Users/KryTwo/GolandProjects/bcgen/barcode-generator/app/controller.go","line":147},"msg":"done GenerateCode128"}
{"time":"2026-01-21T16:36:35.0971071+03:00","level":"INFO","source":{"function":"barcode-app/app.(*Controller).RegeneratePreview","file":"C:/Users/KryTwo/GolandProjects/bcgen/barcode-generator/app/controller.go","line":154},"msg":"try MakePDF"}
{"time":"2026-01-21T16:36:35.1011317+03:00","level":"INFO","source":{"function":"barcode-app/layout.MakePDF","file":"C:/Users/KryTwo/GolandProjects/bcgen/barcode-generator/layout/pdf.go","line":175},"msg":"not try to save to file in pdf.go"}
{"time":"2026-01-21T16:36:35.1017437+03:00","level":"INFO","source":{"function":"barcode-app/layout.MakePDF","file":"C:/Users/KryTwo/GolandProjects/bcgen/barcode-generator/layout/pdf.go","line":180},"msg":"pdf get len pdfbytes"}
{"time":"2026-01-21T16:36:35.1017437+03:00","level":"INFO","source":{"function":"barcode-app/layout.MakePDF","file":"C:/Users/KryTwo/GolandProjects/bcgen/barcode-generator/layout/pdf.go","line":181},"msg":"396294"}
{"time":"2026-01-21T16:36:35.1017437+03:00","level":"INFO","source":{"function":"barcode-app/app.(*Controller).RegeneratePreview","file":"C:/Users/KryTwo/GolandProjects/bcgen/barcode-generator/app/controller.go","line":160},"msg":"done MakePDF"}
{"time":"2026-01-21T16:36:35.1017437+03:00","level":"INFO","source":{"function":"barcode-app/app.(*Controller).RegeneratePreview","file":"C:/Users/KryTwo/GolandProjects/bcgen/barcode-generator/app/controller.go","line":162},"msg":"try BytesPdfToPNGConvert"}
{"time":"2026-01-21T16:36:35.1486871+03:00","level":"INFO","source":{"function":"barcode-app/app.(*Controller).RegeneratePreview","file":"C:/Users/KryTwo/GolandProjects/bcgen/barcode-generator/app/controller.go","line":165},"msg":"done BytesPdfToPNGConvert"}
{"time":"2026-01-21T16:36:35.1486871+03:00","level":"INFO","source":{"function":"barcode-app/app.(*Controller).RegeneratePreview","file":"C:/Users/KryTwo/GolandProjects/bcgen/barcode-generator/app/controller.go","line":170},"msg":"done RegeneratePreview"}
{"time":"2026-01-21T16:36:35.1486871+03:00","level":"INFO","source":{"function":"barcode-app/gui.makeOpenFile.func1.1","file":"C:/Users/KryTwo/GolandProjects/bcgen/barcode-generator/gui/openFile.go","line":56},"msg":"try RegeneradePreview"}
{"time":"2026-01-21T16:36:35.1486871+03:00","level":"INFO","source":{"function":"barcode-app/app.(*Controller).RegeneratePreview","file":"C:/Users/KryTwo/GolandProjects/bcgen/barcode-generator/app/controller.go","line":140},"msg":"try RegeneratePreview"}
{"time":"2026-01-21T16:36:35.1486871+03:00","level":"INFO","source":{"function":"barcode-app/app.(*Controller).RegeneratePreview","file":"C:/Users/KryTwo/GolandProjects/bcgen/barcode-generator/app/controller.go","line":145},"msg":"try GenerateCode128"}
{"time":"2026-01-21T16:36:35.1486871+03:00","level":"INFO","source":{"function":"barcode-app/app.(*Controller).RegeneratePreview","file":"C:/Users/KryTwo/GolandProjects/bcgen/barcode-generator/app/controller.go","line":147},"msg":"done GenerateCode128"}
{"time":"2026-01-21T16:36:35.1486871+03:00","level":"INFO","source":{"function":"barcode-app/app.(*Controller).RegeneratePreview","file":"C:/Users/KryTwo/GolandProjects/bcgen/barcode-generator/app/controller.go","line":154},"msg":"try MakePDF"}
{"time":"2026-01-21T16:36:35.1517029+03:00","level":"INFO","source":{"function":"barcode-app/layout.MakePDF","file":"C:/Users/KryTwo/GolandProjects/bcgen/barcode-generator/layout/pdf.go","line":175},"msg":"not try to save to file in pdf.go"}
{"time":"2026-01-21T16:36:35.1535552+03:00","level":"INFO","source":{"function":"barcode-app/layout.MakePDF","file":"C:/Users/KryTwo/GolandProjects/bcgen/barcode-generator/layout/pdf.go","line":180},"msg":"pdf get len pdfbytes"}
{"time":"2026-01-21T16:36:35.1535552+03:00","level":"INFO","source":{"function":"barcode-app/layout.MakePDF","file":"C:/Users/KryTwo/GolandProjects/bcgen/barcode-generator/layout/pdf.go","line":181},"msg":"396294"}
{"time":"2026-01-21T16:36:35.1535552+03:00","level":"INFO","source":{"function":"barcode-app/app.(*Controller).RegeneratePreview","file":"C:/Users/KryTwo/GolandProjects/bcgen/barcode-generator/app/controller.go","line":160},"msg":"done MakePDF"}
{"time":"2026-01-21T16:36:35.1535552+03:00","level":"INFO","source":{"function":"barcode-app/app.(*Controller).RegeneratePreview","file":"C:/Users/KryTwo/GolandProjects/bcgen/barcode-generator/app/controller.go","line":162},"msg":"try BytesPdfToPNGConvert"}
{"time":"2026-01-21T16:36:35.1946835+03:00","level":"INFO","source":{"function":"barcode-app/app.(*Controller).RegeneratePreview","file":"C:/Users/KryTwo/GolandProjects/bcgen/barcode-generator/app/controller.go","line":165},"msg":"done BytesPdfToPNGConvert"}
{"time":"2026-01-21T16:36:35.1946835+03:00","level":"INFO","source":{"function":"barcode-app/app.(*Controller).RegeneratePreview","file":"C:/Users/KryTwo/GolandProjects/bcgen/barcode-generator/app/controller.go","line":170},"msg":"done RegeneratePreview"}
{"time":"2026-01-21T16:36:35.1946835+03:00","level":"INFO","source":{"function":"barcode-app/gui.makeOpenFile.func1.1","file":"C:/Users/KryTwo/GolandProjects/bcgen/barcode-generator/gui/openFile.go","line":58},"msg":"success RegeneradePreview"}
{"time":"2026-01-21T17:02:42.8292694+03:00","level":"INFO","source":{"function":"main.main","file":"C:/Users/KryTwo/GolandProjects/bcgen/barcode-generator/main.go","line":14},"msg":"start main"}
{"time":"2026-01-21T17:02:42.8730644+03:00","level":"INFO","source":{"function":"barcode-app/app.(*Controller).RegeneratePreview","file":"C:/Users/KryTwo/GolandProjects/bcgen/barcode-generator/app/controller.go","line":140},"msg":"try RegeneratePreview"}
{"time":"2026-01-21T17:02:42.8735766+03:00","level":"INFO","source":{"function":"barcode-app/gui.makeOpenFile","file":"C:/Users/KryTwo/GolandProjects/bcgen/barcode-generator/gui/openFile.go","line":22},"msg":"start makeOpenFile"}
{"time":"2026-01-21T17:02:44.3132524+03:00","level":"INFO","source":{"function":"barcode-app/gui.makeOpenFile.func1","file":"C:/Users/KryTwo/GolandProjects/bcgen/barcode-generator/gui/openFile.go","line":25},"msg":"попытка открытия файла"}
{"time":"2026-01-21T17:02:44.8965479+03:00","level":"INFO","source":{"function":"barcode-app/gui.makeOpenFile.func1.1","file":"C:/Users/KryTwo/GolandProjects/bcgen/barcode-generator/gui/openFile.go","line":34},"msg":"проверка на нажатие отмены"}
{"time":"2026-01-21T17:02:44.8965479+03:00","level":"INFO","source":{"function":"barcode-app/gui.makeOpenFile.func1.1","file":"C:/Users/KryTwo/GolandProjects/bcgen/barcode-generator/gui/openFile.go","line":41},"msg":"попытка чтения файла"}
{"time":"2026-01-21T17:02:44.8965479+03:00","level":"INFO","source":{"function":"barcode-app/gui.makeOpenFile.func1.1","file":"C:/Users/KryTwo/GolandProjects/bcgen/barcode-generator/gui/openFile.go","line":49},"msg":"try ProcessFile"}
{"time":"2026-01-21T17:02:44.8965479+03:00","level":"INFO","source":{"function":"barcode-app/app.(*Controller).ProcessFile","file":"C:/Users/KryTwo/GolandProjects/bcgen/barcode-generator/app/controller.go","line":35},"msg":"try csvreader.Read"}
{"time":"2026-01-21T17:02:44.8965479+03:00","level":"INFO","source":{"function":"barcode-app/app.(*Controller).ProcessFile","file":"C:/Users/KryTwo/GolandProjects/bcgen/barcode-generator/app/controller.go","line":37},"msg":"success csvreader.Read"}
{"time":"2026-01-21T17:02:44.8965479+03:00","level":"INFO","source":{"function":"barcode-app/app.(*Controller).RegeneratePreview","file":"C:/Users/KryTwo/GolandProjects/bcgen/barcode-generator/app/controller.go","line":140},"msg":"try RegeneratePreview"}
{"time":"2026-01-21T17:02:44.8965479+03:00","level":"INFO","source":{"function":"barcode-app/app.(*Controller).RegeneratePreview","file":"C:/Users/KryTwo/GolandProjects/bcgen/barcode-generator/app/controller.go","line":145},"msg":"try GenerateCode128"}
{"time":"2026-01-21T17:02:44.8965479+03:00","level":"INFO","source":{"function":"barcode-app/app.(*Controller).RegeneratePreview","file":"C:/Users/KryTwo/GolandProjects/bcgen/barcode-generator/app/controller.go","line":147},"msg":"done GenerateCode128"}
{"time":"2026-01-21T17:02:44.8965479+03:00","level":"INFO","source":{"function":"barcode-app/app.(*Controller).RegeneratePreview","file":"C:/Users/KryTwo/GolandProjects/bcgen/barcode-generator/app/controller.go","line":154},"msg":"try MakePDF"}
{"time":"2026-01-21T17:02:44.8989513+03:00","level":"INFO","source":{"function":"barcode-app/layout.MakePDF","file":"C:/Users/KryTwo/GolandProjects/bcgen/barcode-generator/layout/pdf.go","line":185},"msg":"not try to save to file in pdf.go"}
{"time":"2026-01-21T17:02:44.8994609+03:00","level":"INFO","source":{"function":"barcode-app/layout.MakePDF","file":"C:/Users/KryTwo/GolandProjects/bcgen/barcode-generator/layout/pdf.go","line":190},"msg":"pdf get len pdfbytes"}
{"time":"2026-01-21T17:02:44.8994609+03:00","level":"INFO","source":{"function":"barcode-app/layout.MakePDF","file":"C:/Users/KryTwo/GolandProjects/bcgen/barcode-generator/layout/pdf.go","line":191},"msg":"0"}
{"time":"2026-01-21T17:02:44.8994609+03:00","level":"ERROR","source":{"function":"barcode-app/logger.LogError","file":"C:/Users/KryTwo/GolandProjects/bcgen/barcode-generator/logger/logger.go","line":26},"msg":"cannot get PDFBytes","Ошибка":"empty pdfbytes"}
{"time":"2026-01-21T17:02:44.8995015+03:00","level":"INFO","source":{"function":"barcode-app/gui.makeOpenFile.func1.1","file":"C:/Users/KryTwo/GolandProjects/bcgen/barcode-generator/gui/openFile.go","line":56},"msg":"try RegeneradePreview"}
{"time":"2026-01-21T17:02:44.8995015+03:00","level":"INFO","source":{"function":"barcode-app/app.(*Controller).RegeneratePreview","file":"C:/Users/KryTwo/GolandProjects/bcgen/barcode-generator/app/controller.go","line":140},"msg":"try RegeneratePreview"}
{"time":"2026-01-21T17:02:44.8995015+03:00","level":"INFO","source":{"function":"barcode-app/app.(*Controller).RegeneratePreview","file":"C:/Users/KryTwo/GolandProjects/bcgen/barcode-generator/app/controller.go","line":145},"msg":"try GenerateCode128"}
{"time":"2026-01-21T17:02:44.8995015+03:00","level":"INFO","source":{"function":"barcode-app/app.(*Controller).RegeneratePreview","file":"C:/Users/KryTwo/GolandProjects/bcgen/barcode-generator/app/controller.go","line":147},"msg":"done GenerateCode128"}
{"time":"2026-01-21T17:02:44.8995015+03:00","level":"INFO","source":{"function":"barcode-app/app.(*Controller).RegeneratePreview","file":"C:/Users/KryTwo/GolandProjects/bcgen/barcode-generator/app/controller.go","line":154},"msg":"try MakePDF"}
{"time":"2026-01-21T17:02:44.9007934+03:00","level":"INFO","source":{"function":"barcode-app/layout.MakePDF","file":"C:/Users/KryTwo/GolandProjects/bcgen/barcode-generator/layout/pdf.go","line":185},"msg":"not try to save to file in pdf.go"}
{"time":"2026-01-21T17:02:44.9007934+03:00","level":"INFO","source":{"function":"barcode-app/layout.MakePDF","file":"C:/Users/KryTwo/GolandProjects/bcgen/barcode-generator/layout/pdf.go","line":190},"msg":"pdf get len pdfbytes"}
{"time":"2026-01-21T17:02:44.9007934+03:00","level":"INFO","source":{"function":"barcode-app/layout.MakePDF","file":"C:/Users/KryTwo/GolandProjects/bcgen/barcode-generator/layout/pdf.go","line":191},"msg":"0"}
{"time":"2026-01-21T17:02:44.9007934+03:00","level":"ERROR","source":{"function":"barcode-app/logger.LogError","file":"C:/Users/KryTwo/GolandProjects/bcgen/barcode-generator/logger/logger.go","line":26},"msg":"cannot get PDFBytes","Ошибка":"empty pdfbytes"}
{"time":"2026-01-21T17:02:44.9007934+03:00","level":"INFO","source":{"function":"barcode-app/gui.makeOpenFile.func1.1","file":"C:/Users/KryTwo/GolandProjects/bcgen/barcode-generator/gui/openFile.go","line":58},"msg":"success RegeneradePreview"}
{"time":"2026-01-21T17:04:24.5118854+03:00","level":"INFO","source":{"function":"main.main","file":"C:/Users/KryTwo/GolandProjects/bcgen/barcode-generator/main.go","line":14},"msg":"start main"}
{"time":"2026-01-21T17:04:24.5601902+03:00","level":"INFO","source":{"function":"barcode-app/app.(*Controller).RegeneratePreview","file":"C:/Users/KryTwo/GolandProjects/bcgen/barcode-generator/app/controller.go","line":140},"msg":"try RegeneratePreview"}
{"time":"2026-01-21T17:04:24.5607752+03:00","level":"INFO","source":{"function":"barcode-app/gui.makeOpenFile","file":"C:/Users/KryTwo/GolandProjects/bcgen/barcode-generator/gui/openFile.go","line":22},"msg":"start makeOpenFile"}
{"time":"2026-01-21T17:04:25.6154525+03:00","level":"INFO","source":{"function":"barcode-app/gui.makeOpenFile.func1","file":"C:/Users/KryTwo/GolandProjects/bcgen/barcode-generator/gui/openFile.go","line":25},"msg":"попытка открытия файла"}
{"time":"2026-01-21T17:04:26.3826025+03:00","level":"INFO","source":{"function":"barcode-app/gui.makeOpenFile.func1.1","file":"C:/Users/KryTwo/GolandProjects/bcgen/barcode-generator/gui/openFile.go","line":34},"msg":"проверка на нажатие отмены"}
{"time":"2026-01-21T17:04:26.3826025+03:00","level":"INFO","source":{"function":"barcode-app/gui.makeOpenFile.func1.1","file":"C:/Users/KryTwo/GolandProjects/bcgen/barcode-generator/gui/openFile.go","line":41},"msg":"попытка чтения файла"}
{"time":"2026-01-21T17:04:26.3826025+03:00","level":"INFO","source":{"function":"barcode-app/gui.makeOpenFile.func1.1","file":"C:/Users/KryTwo/GolandProjects/bcgen/barcode-generator/gui/openFile.go","line":49},"msg":"try ProcessFile"}
{"time":"2026-01-21T17:04:26.3826025+03:00","level":"INFO","source":{"function":"barcode-app/app.(*Controller).ProcessFile","file":"C:/Users/KryTwo/GolandProjects/bcgen/barcode-generator/app/controller.go","line":35},"msg":"try csvreader.Read"}
{"time":"2026-01-21T17:04:26.3826025+03:00","level":"INFO","source":{"function":"barcode-app/app.(*Controller).ProcessFile","file":"C:/Users/KryTwo/GolandProjects/bcgen/barcode-generator/app/controller.go","line":37},"msg":"success csvreader.Read"}
{"time":"2026-01-21T17:04:26.3826025+03:00","level":"INFO","source":{"function":"barcode-app/app.(*Controller).RegeneratePreview","file":"C:/Users/KryTwo/GolandProjects/bcgen/barcode-generator/app/controller.go","line":140},"msg":"try RegeneratePreview"}
{"time":"2026-01-21T17:04:26.3826025+03:00","level":"INFO","source":{"function":"barcode-app/app.(*Controller).RegeneratePreview","file":"C:/Users/KryTwo/GolandProjects/bcgen/barcode-generator/app/controller.go","line":145},"msg":"try GenerateCode128"}
{"time":"2026-01-21T17:04:26.3826025+03:00","level":"INFO","source":{"function":"barcode-app/app.(*Controller).RegeneratePreview","file":"C:/Users/KryTwo/GolandProjects/bcgen/barcode-generator/app/controller.go","line":147},"msg":"done GenerateCode128"}
{"time":"2026-01-21T17:04:26.3826025+03:00","level":"INFO","source":{"function":"barcode-app/app.(*Controller).RegeneratePreview","file":"C:/Users/KryTwo/GolandProjects/bcgen/barcode-generator/app/controller.go","line":154},"msg":"try MakePDF"}
{"time":"2026-01-21T17:04:26.3859488+03:00","level":"INFO","source":{"function":"barcode-app/layout.MakePDF","file":"C:/Users/KryTwo/GolandProjects/bcgen/barcode-generator/layout/pdf.go","line":185},"msg":"not try to save to file in pdf.go"}
{"time":"2026-01-21T17:04:26.3865796+03:00","level":"INFO","source":{"function":"barcode-app/layout.MakePDF","file":"C:/Users/KryTwo/GolandProjects/bcgen/barcode-generator/layout/pdf.go","line":190},"msg":"pdf get len pdfbytes"}
{"time":"2026-01-21T17:04:26.3865796+03:00","level":"INFO","source":{"function":"barcode-app/layout.MakePDF","file":"C:/Users/KryTwo/GolandProjects/bcgen/barcode-generator/layout/pdf.go","line":191},"msg":"396294"}
{"time":"2026-01-21T17:04:26.3865796+03:00","level":"INFO","source":{"function":"barcode-app/app.(*Controller).RegeneratePreview","file":"C:/Users/KryTwo/GolandProjects/bcgen/barcode-generator/app/controller.go","line":160},"msg":"done MakePDF"}
{"time":"2026-01-21T17:04:26.3865796+03:00","level":"INFO","source":{"function":"barcode-app/app.(*Controller).RegeneratePreview","file":"C:/Users/KryTwo/GolandProjects/bcgen/barcode-generator/app/controller.go","line":162},"msg":"try BytesPdfToPNGConvert"}
{"time":"2026-01-21T17:04:26.4318234+03:00","level":"INFO","source":{"function":"barcode-app/app.(*Controller).RegeneratePreview","file":"C:/Users/KryTwo/GolandProjects/bcgen/barcode-generator/app/controller.go","line":165},"msg":"done BytesPdfToPNGConvert"}
{"time":"2026-01-21T17:04:26.4318234+03:00","level":"INFO","source":{"function":"barcode-app/app.(*Controller).RegeneratePreview","file":"C:/Users/KryTwo/GolandProjects/bcgen/barcode-generator/app/controller.go","line":170},"msg":"done RegeneratePreview"}
{"time":"2026-01-21T17:04:26.4318234+03:00","level":"INFO","source":{"function":"barcode-app/gui.makeOpenFile.func1.1","file":"C:/Users/KryTwo/GolandProjects/bcgen/barcode-generator/gui/openFile.go","line":56},"msg":"try RegeneradePreview"}
{"time":"2026-01-21T17:04:26.4318234+03:00","level":"INFO","source":{"function":"barcode-app/app.(*Controller).RegeneratePreview","file":"C:/Users/KryTwo/GolandProjects/bcgen/barcode-generator/app/controller.go","line":140},"msg":"try RegeneratePreview"}
{"time":"2026-01-21T17:04:26.4318234+03:00","level":"INFO","source":{"function":"barcode-app/app.(*Controller).RegeneratePreview","file":"C:/Users/KryTwo/GolandProjects/bcgen/barcode-generator/app/controller.go","line":145},"msg":"try GenerateCode128"}
{"time":"2026-01-21T17:04:26.4318234+03:00","level":"INFO","source":{"function":"barcode-app/app.(*Controller).RegeneratePreview","file":"C:/Users/KryTwo/GolandProjects/bcgen/barcode-generator/app/controller.go","line":147},"msg":"done GenerateCode128"}
{"time":"2026-01-21T17:04:26.4318234+03:00","level":"INFO","source":{"function":"barcode-app/app.(*Controller).RegeneratePreview","file":"C:/Users/KryTwo/GolandProjects/bcgen/barcode-generator/app/controller.go","line":154},"msg":"try MakePDF"}
{"time":"2026-01-21T17:04:26.4348257+03:00","level":"INFO","source":{"function":"barcode-app/layout.MakePDF","file":"C:/Users/KryTwo/GolandProjects/bcgen/barcode-generator/layout/pdf.go","line":185},"msg":"not try to save to file in pdf.go"}
{"time":"2026-01-21T17:04:26.4367663+03:00","level":"INFO","source":{"function":"barcode-app/layout.MakePDF","file":"C:/Users/KryTwo/GolandProjects/bcgen/barcode-generator/layout/pdf.go","line":190},"msg":"pdf get len pdfbytes"}
{"time":"2026-01-21T17:04:26.4367663+03:00","level":"INFO","source":{"function":"barcode-app/layout.MakePDF","file":"C:/Users/KryTwo/GolandProjects/bcgen/barcode-generator/layout/pdf.go","line":191},"msg":"396294"}
{"time":"2026-01-21T17:04:26.4367663+03:00","level":"INFO","source":{"function":"barcode-app/app.(*Controller).RegeneratePreview","file":"C:/Users/KryTwo/GolandProjects/bcgen/barcode-generator/app/controller.go","line":160},"msg":"done MakePDF"}
{"time":"2026-01-21T17:04:26.4367663+03:00","level":"INFO","source":{"function":"barcode-app/app.(*Controller).RegeneratePreview","file":"C:/Users/KryTwo/GolandProjects/bcgen/barcode-generator/app/controller.go","line":162},"msg":"try BytesPdfToPNGConvert"}
{"time":"2026-01-21T17:04:26.4798596+03:00","level":"INFO","source":{"function":"barcode-app/app.(*Controller).RegeneratePreview","file":"C:/Users/KryTwo/GolandProjects/bcgen/barcode-generator/app/controller.go","line":165},"msg":"done BytesPdfToPNGConvert"}
{"time":"2026-01-21T17:04:26.4798596+03:00","level":"INFO","source":{"function":"barcode-app/app.(*Controller).RegeneratePreview","file":"C:/Users/KryTwo/GolandProjects/bcgen/barcode-generator/app/controller.go","line":170},"msg":"done RegeneratePreview"}
{"time":"2026-01-21T17:04:26.4798596+03:00","level":"INFO","source":{"function":"barcode-app/gui.makeOpenFile.func1.1","file":"C:/Users/KryTwo/GolandProjects/bcgen/barcode-generator/gui/openFile.go","line":58},"msg":"success RegeneradePreview"}
{"time":"2026-01-21T18:29:42.1960313+03:00","level":"INFO","source":{"function":"main.main","file":"C:/Users/KryTwo/GolandProjects/bcgen/barcode-generator/main.go","line":14},"msg":"start main"}
{"time":"2026-01-21T18:29:42.2459707+03:00","level":"INFO","source":{"function":"barcode-app/app.(*Controller).RegeneratePreview","file":"C:/Users/KryTwo/GolandProjects/bcgen/barcode-generator/app/controller.go","line":140},"msg":"try RegeneratePreview"}
{"time":"2026-01-21T18:29:42.2465186+03:00","level":"INFO","source":{"function":"barcode-app/gui.makeOpenFile","file":"C:/Users/KryTwo/GolandProjects/bcgen/barcode-generator/gui/openFile.go","line":22},"msg":"start makeOpenFile"}
{"time":"2026-01-21T18:29:44.416334+03:00","level":"INFO","source":{"function":"barcode-app/gui.makeOpenFile.func1","file":"C:/Users/KryTwo/GolandProjects/bcgen/barcode-generator/gui/openFile.go","line":25},"msg":"попытка открытия файла"}
{"time":"2026-01-21T18:29:45.0842425+03:00","level":"INFO","source":{"function":"barcode-app/gui.makeOpenFile.func1.1","file":"C:/Users/KryTwo/GolandProjects/bcgen/barcode-generator/gui/openFile.go","line":34},"msg":"проверка на нажатие отмены"}
{"time":"2026-01-21T18:29:45.0842425+03:00","level":"INFO","source":{"function":"barcode-app/gui.makeOpenFile.func1.1","file":"C:/Users/KryTwo/GolandProjects/bcgen/barcode-generator/gui/openFile.go","line":41},"msg":"попытка чтения файла"}
{"time":"2026-01-21T18:29:45.0842425+03:00","level":"INFO","source":{"function":"barcode-app/gui.makeOpenFile.func1.1","file":"C:/Users/KryTwo/GolandProjects/bcgen/barcode-generator/gui/openFile.go","line":49},"msg":"try ProcessFile"}
{"time":"2026-01-21T18:29:45.0842425+03:00","level":"INFO","source":{"function":"barcode-app/app.(*Controller).ProcessFile","file":"C:/Users/KryTwo/GolandProjects/bcgen/barcode-generator/app/controller.go","line":35},"msg":"try csvreader.Read"}
{"time":"2026-01-21T18:29:45.0842425+03:00","level":"INFO","source":{"function":"barcode-app/app.(*Controller).ProcessFile","file":"C:/Users/KryTwo/GolandProjects/bcgen/barcode-generator/app/controller.go","line":37},"msg":"success csvreader.Read"}
{"time":"2026-01-21T18:29:45.0842425+03:00","level":"INFO","source":{"function":"barcode-app/app.(*Controller).RegeneratePreview","file":"C:/Users/KryTwo/GolandProjects/bcgen/barcode-generator/app/controller.go","line":140},"msg":"try RegeneratePreview"}
{"time":"2026-01-21T18:29:45.0842425+03:00","level":"INFO","source":{"function":"barcode-app/app.(*Controller).RegeneratePreview","file":"C:/Users/KryTwo/GolandProjects/bcgen/barcode-generator/app/controller.go","line":145},"msg":"try GenerateCode128"}
{"time":"2026-01-21T18:29:45.0842425+03:00","level":"INFO","source":{"function":"barcode-app/app.(*Controller).RegeneratePreview","file":"C:/Users/KryTwo/GolandProjects/bcgen/barcode-generator/app/controller.go","line":147},"msg":"done GenerateCode128"}
{"time":"2026-01-21T18:29:45.0842425+03:00","level":"INFO","source":{"function":"barcode-app/app.(*Controller).RegeneratePreview","file":"C:/Users/KryTwo/GolandProjects/bcgen/barcode-generator/app/controller.go","line":154},"msg":"try MakePDF"}
{"time":"2026-01-21T18:29:45.0884751+03:00","level":"INFO","source":{"function":"barcode-app/layout.MakePDF","file":"C:/Users/KryTwo/GolandProjects/bcgen/barcode-generator/layout/pdf.go","line":193},"msg":"not try to save to file in pdf.go"}
{"time":"2026-01-21T18:29:45.0885258+03:00","level":"INFO","source":{"function":"barcode-app/layout.MakePDF","file":"C:/Users/KryTwo/GolandProjects/bcgen/barcode-generator/layout/pdf.go","line":198},"msg":"pdf get len pdfbytes"}
{"time":"2026-01-21T18:29:45.0885258+03:00","level":"INFO","source":{"function":"barcode-app/layout.MakePDF","file":"C:/Users/KryTwo/GolandProjects/bcgen/barcode-generator/layout/pdf.go","line":199},"msg":"0"}
{"time":"2026-01-21T18:29:45.0885258+03:00","level":"ERROR","source":{"function":"barcode-app/logger.LogError","file":"C:/Users/KryTwo/GolandProjects/bcgen/barcode-generator/logger/logger.go","line":26},"msg":"cannot get PDFBytes","Ошибка":"empty pdfbytes"}
{"time":"2026-01-21T18:29:45.0885258+03:00","level":"INFO","source":{"function":"barcode-app/gui.makeOpenFile.func1.1","file":"C:/Users/KryTwo/GolandProjects/bcgen/barcode-generator/gui/openFile.go","line":56},"msg":"try RegeneradePreview"}
{"time":"2026-01-21T18:29:45.0885258+03:00","level":"INFO","source":{"function":"barcode-app/app.(*Controller).RegeneratePreview","file":"C:/Users/KryTwo/GolandProjects/bcgen/barcode-generator/app/controller.go","line":140},"msg":"try RegeneratePreview"}
{"time":"2026-01-21T18:29:45.0885258+03:00","level":"INFO","source":{"function":"barcode-app/app.(*Controller).RegeneratePreview","file":"C:/Users/KryTwo/GolandProjects/bcgen/barcode-generator/app/controller.go","line":145},"msg":"try GenerateCode128"}
{"time":"2026-01-21T18:29:45.0885258+03:00","level":"INFO","source":{"function":"barcode-app/app.(*Controller).RegeneratePreview","file":"C:/Users/KryTwo/GolandProjects/bcgen/barcode-generator/app/controller.go","line":147},"msg":"done GenerateCode128"}
{"time":"2026-01-21T18:29:45.0885258+03:00","level":"INFO","source":{"function":"barcode-app/app.(*Controller).RegeneratePreview","file":"C:/Users/KryTwo/GolandProjects/bcgen/barcode-generator/app/controller.go","line":154},"msg":"try MakePDF"}
{"time":"2026-01-21T18:29:45.0901227+03:00","level":"INFO","source":{"function":"barcode-app/layout.MakePDF","file":"C:/Users/KryTwo/GolandProjects/bcgen/barcode-generator/layout/pdf.go","line":193},"msg":"not try to save to file in pdf.go"}
{"time":"2026-01-21T18:29:45.0901227+03:00","level":"INFO","source":{"function":"barcode-app/layout.MakePDF","file":"C:/Users/KryTwo/GolandProjects/bcgen/barcode-generator/layout/pdf.go","line":198},"msg":"pdf get len pdfbytes"}
{"time":"2026-01-21T18:29:45.0901227+03:00","level":"INFO","source":{"function":"barcode-app/layout.MakePDF","file":"C:/Users/KryTwo/GolandProjects/bcgen/barcode-generator/layout/pdf.go","line":199},"msg":"0"}
{"time":"2026-01-21T18:29:45.0901227+03:00","level":"ERROR","source":{"function":"barcode-app/logger.LogError","file":"C:/Users/KryTwo/GolandProjects/bcgen/barcode-generator/logger/logger.go","line":26},"msg":"cannot get PDFBytes","Ошибка":"empty pdfbytes"}
{"time":"2026-01-21T18:29:45.0901227+03:00","level":"INFO","source":{"function":"barcode-app/gui.makeOpenFile.func1.1","file":"C:/Users/KryTwo/GolandProjects/bcgen/barcode-generator/gui/openFile.go","line":58},"msg":"success RegeneradePreview"}
{"time":"2026-01-21T18:29:55.6957563+03:00","level":"INFO","source":{"function":"main.main","file":"C:/Users/KryTwo/GolandProjects/bcgen/barcode-generator/main.go","line":14},"msg":"start main"}
{"time":"2026-01-21T18:29:55.7387869+03:00","level":"INFO","source":{"function":"barcode-app/app.(*Controller).RegeneratePreview","file":"C:/Users/KryTwo/GolandProjects/bcgen/barcode-generator/app/controller.go","line":140},"msg":"try RegeneratePreview"}
{"time":"2026-01-21T18:29:55.7393091+03:00","level":"INFO","source":{"function":"barcode-app/gui.makeOpenFile","file":"C:/Users/KryTwo/GolandProjects/bcgen/barcode-generator/gui/openFile.go","line":22},"msg":"start makeOpenFile"}
{"time":"2026-01-21T18:29:56.7188538+03:00","level":"INFO","source":{"function":"barcode-app/gui.makeOpenFile.func1","file":"C:/Users/KryTwo/GolandProjects/bcgen/barcode-generator/gui/openFile.go","line":25},"msg":"попытка открытия файла"}
{"time":"2026-01-21T18:29:57.7343293+03:00","level":"INFO","source":{"function":"barcode-app/gui.makeOpenFile.func1.1","file":"C:/Users/KryTwo/GolandProjects/bcgen/barcode-generator/gui/openFile.go","line":34},"msg":"проверка на нажатие отмены"}
{"time":"2026-01-21T18:29:57.7343293+03:00","level":"INFO","source":{"function":"barcode-app/gui.makeOpenFile.func1.1","file":"C:/Users/KryTwo/GolandProjects/bcgen/barcode-generator/gui/openFile.go","line":41},"msg":"попытка чтения файла"}
{"time":"2026-01-21T18:29:57.7343293+03:00","level":"INFO","source":{"function":"barcode-app/gui.makeOpenFile.func1.1","file":"C:/Users/KryTwo/GolandProjects/bcgen/barcode-generator/gui/openFile.go","line":49},"msg":"try ProcessFile"}
{"time":"2026-01-21T18:29:57.7343293+03:00","level":"INFO","source":{"function":"barcode-app/app.(*Controller).ProcessFile","file":"C:/Users/KryTwo/GolandProjects/bcgen/barcode-generator/app/controller.go","line":35},"msg":"try csvreader.Read"}
{"time":"2026-01-21T18:29:57.7343293+03:00","level":"INFO","source":{"function":"barcode-app/app.(*Controller).ProcessFile","file":"C:/Users/KryTwo/GolandProjects/bcgen/barcode-generator/app/controller.go","line":37},"msg":"success csvreader.Read"}
{"time":"2026-01-21T18:29:57.7343293+03:00","level":"INFO","source":{"function":"barcode-app/app.(*Controller).RegeneratePreview","file":"C:/Users/KryTwo/GolandProjects/bcgen/barcode-generator/app/controller.go","line":140},"msg":"try RegeneratePreview"}
{"time":"2026-01-21T18:29:57.7343293+03:00","level":"INFO","source":{"function":"barcode-app/app.(*Controller).RegeneratePreview","file":"C:/Users/KryTwo/GolandProjects/bcgen/barcode-generator/app/controller.go","line":145},"msg":"try GenerateCode128"}
{"time":"2026-01-21T18:29:57.7343293+03:00","level":"INFO","source":{"function":"barcode-app/app.(*Controller).RegeneratePreview","file":"C:/Users/KryTwo/GolandProjects/bcgen/barcode-generator/app/controller.go","line":147},"msg":"done GenerateCode128"}
{"time":"2026-01-21T18:29:57.7343293+03:00","level":"INFO","source":{"function":"barcode-app/app.(*Controller).RegeneratePreview","file":"C:/Users/KryTwo/GolandProjects/bcgen/barcode-generator/app/controller.go","line":154},"msg":"try MakePDF"}
{"time":"2026-01-21T18:29:57.7355865+03:00","level":"INFO","source":{"function":"barcode-app/layout.MakePDF","file":"C:/Users/KryTwo/GolandProjects/bcgen/barcode-generator/layout/pdf.go","line":192},"msg":"not try to save to file in pdf.go"}
{"time":"2026-01-21T18:29:57.7355865+03:00","level":"INFO","source":{"function":"barcode-app/layout.MakePDF","file":"C:/Users/KryTwo/GolandProjects/bcgen/barcode-generator/layout/pdf.go","line":197},"msg":"pdf get len pdfbytes"}
{"time":"2026-01-21T18:29:57.7355865+03:00","level":"INFO","source":{"function":"barcode-app/layout.MakePDF","file":"C:/Users/KryTwo/GolandProjects/bcgen/barcode-generator/layout/pdf.go","line":198},"msg":"0"}
{"time":"2026-01-21T18:29:57.7355865+03:00","level":"ERROR","source":{"function":"barcode-app/logger.LogError","file":"C:/Users/KryTwo/GolandProjects/bcgen/barcode-generator/logger/logger.go","line":26},"msg":"cannot get PDFBytes","Ошибка":"empty pdfbytes"}
{"time":"2026-01-21T18:29:57.7355865+03:00","level":"INFO","source":{"function":"barcode-app/gui.makeOpenFile.func1.1","file":"C:/Users/KryTwo/GolandProjects/bcgen/barcode-generator/gui/openFile.go","line":56},"msg":"try RegeneradePreview"}
{"time":"2026-01-21T18:29:57.7355865+03:00","level":"INFO","source":{"function":"barcode-app/app.(*Controller).RegeneratePreview","file":"C:/Users/KryTwo/GolandProjects/bcgen/barcode-generator/app/controller.go","line":140},"msg":"try RegeneratePreview"}
{"time":"2026-01-21T18:29:57.7355865+03:00","level":"INFO","source":{"function":"barcode-app/app.(*Controller).RegeneratePreview","file":"C:/Users/KryTwo/GolandProjects/bcgen/barcode-generator/app/controller.go","line":145},"msg":"try GenerateCode128"}
{"time":"2026-01-21T18:29:57.7355865+03:00","level":"INFO","source":{"function":"barcode-app/app.(*Controller).RegeneratePreview","file":"C:/Users/KryTwo/GolandProjects/bcgen/barcode-generator/app/controller.go","line":147},"msg":"done GenerateCode128"}
{"time":"2026-01-21T18:29:57.7355865+03:00","level":"INFO","source":{"function":"barcode-app/app.(*Controller).RegeneratePreview","file":"C:/Users/KryTwo/GolandProjects/bcgen/barcode-generator/app/controller.go","line":154},"msg":"try MakePDF"}
{"time":"2026-01-21T18:29:57.7399575+03:00","level":"INFO","source":{"function":"barcode-app/layout.MakePDF","file":"C:/Users/KryTwo/GolandProjects/bcgen/barcode-generator/layout/pdf.go","line":192},"msg":"not try to save to file in pdf.go"}
{"time":"2026-01-21T18:29:57.7400004+03:00","level":"INFO","source":{"function":"barcode-app/layout.MakePDF","file":"C:/Users/KryTwo/GolandProjects/bcgen/barcode-generator/layout/pdf.go","line":197},"msg":"pdf get len pdfbytes"}
{"time":"2026-01-21T18:29:57.7400004+03:00","level":"INFO","source":{"function":"barcode-app/layout.MakePDF","file":"C:/Users/KryTwo/GolandProjects/bcgen/barcode-generator/layout/pdf.go","line":198},"msg":"0"}
{"time":"2026-01-21T18:29:57.7400004+03:00","level":"ERROR","source":{"function":"barcode-app/logger.LogError","file":"C:/Users/KryTwo/GolandProjects/bcgen/barcode-generator/logger/logger.go","line":26},"msg":"cannot get PDFBytes","Ошибка":"empty pdfbytes"}
{"time":"2026-01-21T18:29:57.7400004+03:00","level":"INFO","source":{"function":"barcode-app/gui.makeOpenFile.func1.1","file":"C:/Users/KryTwo/GolandProjects/bcgen/barcode-generator/gui/openFile.go","line":58},"msg":"success RegeneradePreview"}
{"time":"2026-01-21T18:31:10.2112979+03:00","level":"INFO","source":{"function":"main.main","file":"C:/Users/KryTwo/GolandProjects/bcgen/barcode-generator/main.go","line":14},"msg":"start main"}
{"time":"2026-01-21T18:31:10.2572042+03:00","level":"INFO","source":{"function":"barcode-app/app.(*Controller).RegeneratePreview","file":"C:/Users/KryTwo/GolandProjects/bcgen/barcode-generator/app/controller.go","line":140},"msg":"try RegeneratePreview"}
{"time":"2026-01-21T18:31:10.2577661+03:00","level":"INFO","source":{"function":"barcode-app/gui.makeOpenFile","file":"C:/Users/KryTwo/GolandProjects/bcgen/barcode-generator/gui/openFile.go","line":22},"msg":"start makeOpenFile"}
{"time":"2026-01-21T18:31:11.8718231+03:00","level":"INFO","source":{"function":"barcode-app/gui.makeOpenFile.func1","file":"C:/Users/KryTwo/GolandProjects/bcgen/barcode-generator/gui/openFile.go","line":25},"msg":"попытка открытия файла"}
{"time":"2026-01-21T18:31:12.4380358+03:00","level":"INFO","source":{"function":"barcode-app/gui.makeOpenFile.func1.1","file":"C:/Users/KryTwo/GolandProjects/bcgen/barcode-generator/gui/openFile.go","line":34},"msg":"проверка на нажатие отмены"}
{"time":"2026-01-21T18:31:12.4380358+03:00","level":"INFO","source":{"function":"barcode-app/gui.makeOpenFile.func1.1","file":"C:/Users/KryTwo/GolandProjects/bcgen/barcode-generator/gui/openFile.go","line":41},"msg":"попытка чтения файла"}
{"time":"2026-01-21T18:31:12.4380358+03:00","level":"INFO","source":{"function":"barcode-app/gui.makeOpenFile.func1.1","file":"C:/Users/KryTwo/GolandProjects/bcgen/barcode-generator/gui/openFile.go","line":49},"msg":"try ProcessFile"}
{"time":"2026-01-21T18:31:12.4380358+03:00","level":"INFO","source":{"function":"barcode-app/app.(*Controller).ProcessFile","file":"C:/Users/KryTwo/GolandProjects/bcgen/barcode-generator/app/controller.go","line":35},"msg":"try csvreader.Read"}
{"time":"2026-01-21T18:31:12.4380358+03:00","level":"INFO","source":{"function":"barcode-app/app.(*Controller).ProcessFile","file":"C:/Users/KryTwo/GolandProjects/bcgen/barcode-generator/app/controller.go","line":37},"msg":"success csvreader.Read"}
{"time":"2026-01-21T18:31:12.4380358+03:00","level":"INFO","source":{"function":"barcode-app/app.(*Controller).RegeneratePreview","file":"C:/Users/KryTwo/GolandProjects/bcgen/barcode-generator/app/controller.go","line":140},"msg":"try RegeneratePreview"}
{"time":"2026-01-21T18:31:12.4380358+03:00","level":"INFO","source":{"function":"barcode-app/app.(*Controller).RegeneratePreview","file":"C:/Users/KryTwo/GolandProjects/bcgen/barcode-generator/app/controller.go","line":145},"msg":"try GenerateCode128"}
{"time":"2026-01-21T18:31:12.4380358+03:00","level":"INFO","source":{"function":"barcode-app/app.(*Controller).RegeneratePreview","file":"C:/Users/KryTwo/GolandProjects/bcgen/barcode-generator/app/controller.go","line":147},"msg":"done GenerateCode128"}
{"time":"2026-01-21T18:31:12.4380358+03:00","level":"INFO","source":{"function":"barcode-app/app.(*Controller).RegeneratePreview","file":"C:/Users/KryTwo/GolandProjects/bcgen/barcode-generator/app/controller.go","line":154},"msg":"try MakePDF"}
{"time":"2026-01-21T18:31:12.4404833+03:00","level":"INFO","source":{"function":"barcode-app/layout.MakePDF","file":"C:/Users/KryTwo/GolandProjects/bcgen/barcode-generator/layout/pdf.go","line":192},"msg":"not try to save to file in pdf.go"}
{"time":"2026-01-21T18:31:12.4427298+03:00","level":"INFO","source":{"function":"barcode-app/layout.MakePDF","file":"C:/Users/KryTwo/GolandProjects/bcgen/barcode-generator/layout/pdf.go","line":197},"msg":"pdf get len pdfbytes"}
{"time":"2026-01-21T18:31:12.4427298+03:00","level":"INFO","source":{"function":"barcode-app/layout.MakePDF","file":"C:/Users/KryTwo/GolandProjects/bcgen/barcode-generator/layout/pdf.go","line":198},"msg":"396294"}
{"time":"2026-01-21T18:31:12.4427298+03:00","level":"INFO","source":{"function":"barcode-app/app.(*Controller).RegeneratePreview","file":"C:/Users/KryTwo/GolandProjects/bcgen/barcode-generator/app/controller.go","line":160},"msg":"done MakePDF"}
{"time":"2026-01-21T18:31:12.4427298+03:00","level":"INFO","source":{"function":"barcode-app/app.(*Controller).RegeneratePreview","file":"C:/Users/KryTwo/GolandProjects/bcgen/barcode-generator/app/controller.go","line":162},"msg":"try BytesPdfToPNGConvert"}
{"time":"2026-01-21T18:31:12.4894287+03:00","level":"INFO","source":{"function":"barcode-app/app.(*Controller).RegeneratePreview","file":"C:/Users/KryTwo/GolandProjects/bcgen/barcode-generator/app/controller.go","line":165},"msg":"done BytesPdfToPNGConvert"}
{"time":"2026-01-21T18:31:12.4904263+03:00","level":"INFO","source":{"function":"barcode-app/app.(*Controller).RegeneratePreview","file":"C:/Users/KryTwo/GolandProjects/bcgen/barcode-generator/app/controller.go","line":170},"msg":"done RegeneratePreview"}
{"time":"2026-01-21T18:31:12.4904263+03:00","level":"INFO","source":{"function":"barcode-app/gui.makeOpenFile.func1.1","file":"C:/Users/KryTwo/GolandProjects/bcgen/barcode-generator/gui/openFile.go","line":56},"msg":"try RegeneradePreview"}
{"time":"2026-01-21T18:31:12.4904263+03:00","level":"INFO","source":{"function":"barcode-app/app.(*Controller).RegeneratePreview","file":"C:/Users/KryTwo/GolandProjects/bcgen/barcode-generator/app/controller.go","line":140},"msg":"try RegeneratePreview"}
{"time":"2026-01-21T18:31:12.4904263+03:00","level":"INFO","source":{"function":"barcode-app/app.(*Controller).RegeneratePreview","file":"C:/Users/KryTwo/GolandProjects/bcgen/barcode-generator/app/controller.go","line":145},"msg":"try GenerateCode128"}
{"time":"2026-01-21T18:31:12.4904263+03:00","level":"INFO","source":{"function":"barcode-app/app.(*Controller).RegeneratePreview","file":"C:/Users/KryTwo/GolandProjects/bcgen/barcode-generator/app/controller.go","line":147},"msg":"done GenerateCode128"}
{"time":"2026-01-21T18:31:12.4904263+03:00","level":"INFO","source":{"function":"barcode-app/app.(*Controller).RegeneratePreview","file":"C:/Users/KryTwo/GolandProjects/bcgen/barcode-generator/app/controller.go","line":154},"msg":"try MakePDF"}
{"time":"2026-01-21T18:31:12.4924208+03:00","level":"INFO","source":{"function":"barcode-app/layout.MakePDF","file":"C:/Users/KryTwo/GolandProjects/bcgen/barcode-generator/layout/pdf.go","line":192},"msg":"not try to save to file in pdf.go"}
{"time":"2026-01-21T18:31:12.4934224+03:00","level":"INFO","source":{"function":"barcode-app/layout.MakePDF","file":"C:/Users/KryTwo/GolandProjects/bcgen/barcode-generator/layout/pdf.go","line":197},"msg":"pdf get len pdfbytes"}
{"time":"2026-01-21T18:31:12.4943628+03:00","level":"INFO","source":{"function":"barcode-app/layout.MakePDF","file":"C:/Users/KryTwo/GolandProjects/bcgen/barcode-generator/layout/pdf.go","line":198},"msg":"396294"}
{"time":"2026-01-21T18:31:12.4943628+03:00","level":"INFO","source":{"function":"barcode-app/app.(*Controller).RegeneratePreview","file":"C:/Users/KryTwo/GolandProjects/bcgen/barcode-generator/app/controller.go","line":160},"msg":"done MakePDF"}
{"time":"2026-01-21T18:31:12.4943628+03:00","level":"INFO","source":{"function":"barcode-app/app.(*Controller).RegeneratePreview","file":"C:/Users/KryTwo/GolandProjects/bcgen/barcode-generator/app/controller.go","line":162},"msg":"try BytesPdfToPNGConvert"}
{"time":"2026-01-21T18:31:12.5333494+03:00","level":"INFO","source":{"function":"barcode-app/app.(*Controller).RegeneratePreview","file":"C:/Users/KryTwo/GolandProjects/bcgen/barcode-generator/app/controller.go","line":165},"msg":"done BytesPdfToPNGConvert"}
{"time":"2026-01-21T18:31:12.5333494+03:00","level":"INFO","source":{"function":"barcode-app/app.(*Controller).RegeneratePreview","file":"C:/Users/KryTwo/GolandProjects/bcgen/barcode-generator/app/controller.go","line":170},"msg":"done RegeneratePreview"}
{"time":"2026-01-21T18:31:12.5333494+03:00","level":"INFO","source":{"function":"barcode-app/gui.makeOpenFile.func1.1","file":"C:/Users/KryTwo/GolandProjects/bcgen/barcode-generator/gui/openFile.go","line":58},"msg":"success RegeneradePreview"}
{"time":"2026-01-21T18:31:30.6508588+03:00","level":"INFO","source":{"function":"main.main","file":"C:/Users/KryTwo/GolandProjects/bcgen/barcode-generator/main.go","line":14},"msg":"start main"}
{"time":"2026-01-21T18:31:30.6954208+03:00","level":"INFO","source":{"function":"barcode-app/app.(*Controller).RegeneratePreview","file":"C:/Users/KryTwo/GolandProjects/bcgen/barcode-generator/app/controller.go","line":140},"msg":"try RegeneratePreview"}
{"time":"2026-01-21T18:31:30.6959856+03:00","level":"INFO","source":{"function":"barcode-app/gui.makeOpenFile","file":"C:/Users/KryTwo/GolandProjects/bcgen/barcode-generator/gui/openFile.go","line":22},"msg":"start makeOpenFile"}
{"time":"2026-01-21T18:31:31.6027604+03:00","level":"INFO","source":{"function":"barcode-app/gui.makeOpenFile.func1","file":"C:/Users/KryTwo/GolandProjects/bcgen/barcode-generator/gui/openFile.go","line":25},"msg":"попытка открытия файла"}
{"time":"2026-01-21T18:31:32.2190093+03:00","level":"INFO","source":{"function":"barcode-app/gui.makeOpenFile.func1.1","file":"C:/Users/KryTwo/GolandProjects/bcgen/barcode-generator/gui/openFile.go","line":34},"msg":"проверка на нажатие отмены"}
{"time":"2026-01-21T18:31:32.2190093+03:00","level":"INFO","source":{"function":"barcode-app/gui.makeOpenFile.func1.1","file":"C:/Users/KryTwo/GolandProjects/bcgen/barcode-generator/gui/openFile.go","line":41},"msg":"попытка чтения файла"}
{"time":"2026-01-21T18:31:32.2190093+03:00","level":"INFO","source":{"function":"barcode-app/gui.makeOpenFile.func1.1","file":"C:/Users/KryTwo/GolandProjects/bcgen/barcode-generator/gui/openFile.go","line":49},"msg":"try ProcessFile"}
{"time":"2026-01-21T18:31:32.2190093+03:00","level":"INFO","source":{"function":"barcode-app/app.(*Controller).ProcessFile","file":"C:/Users/KryTwo/GolandProjects/bcgen/barcode-generator/app/controller.go","line":35},"msg":"try csvreader.Read"}
{"time":"2026-01-21T18:31:32.2190093+03:00","level":"INFO","source":{"function":"barcode-app/app.(*Controller).ProcessFile","file":"C:/Users/KryTwo/GolandProjects/bcgen/barcode-generator/app/controller.go","line":37},"msg":"success csvreader.Read"}
{"time":"2026-01-21T18:31:32.2190093+03:00","level":"INFO","source":{"function":"barcode-app/app.(*Controller).RegeneratePreview","file":"C:/Users/KryTwo/GolandProjects/bcgen/barcode-generator/app/controller.go","line":140},"msg":"try RegeneratePreview"}
{"time":"2026-01-21T18:31:32.2190093+03:00","level":"INFO","source":{"function":"barcode-app/app.(*Controller).RegeneratePreview","file":"C:/Users/KryTwo/GolandProjects/bcgen/barcode-generator/app/controller.go","line":145},"msg":"try GenerateCode128"}
{"time":"2026-01-21T18:31:32.2190093+03:00","level":"INFO","source":{"function":"barcode-app/app.(*Controller).RegeneratePreview","file":"C:/Users/KryTwo/GolandProjects/bcgen/barcode-generator/app/controller.go","line":147},"msg":"done GenerateCode128"}
{"time":"2026-01-21T18:31:32.2190093+03:00","level":"INFO","source":{"function":"barcode-app/app.(*Controller).RegeneratePreview","file":"C:/Users/KryTwo/GolandProjects/bcgen/barcode-generator/app/controller.go","line":154},"msg":"try MakePDF"}
{"time":"2026-01-21T18:31:32.2229765+03:00","level":"INFO","source":{"function":"barcode-app/layout.MakePDF","file":"C:/Users/KryTwo/GolandProjects/bcgen/barcode-generator/layout/pdf.go","line":193},"msg":"not try to save to file in pdf.go"}
{"time":"2026-01-21T18:31:32.2235332+03:00","level":"INFO","source":{"function":"barcode-app/layout.MakePDF","file":"C:/Users/KryTwo/GolandProjects/bcgen/barcode-generator/layout/pdf.go","line":198},"msg":"pdf get len pdfbytes"}
{"time":"2026-01-21T18:31:32.2235332+03:00","level":"INFO","source":{"function":"barcode-app/layout.MakePDF","file":"C:/Users/KryTwo/GolandProjects/bcgen/barcode-generator/layout/pdf.go","line":199},"msg":"396294"}
{"time":"2026-01-21T18:31:32.2235332+03:00","level":"INFO","source":{"function":"barcode-app/app.(*Controller).RegeneratePreview","file":"C:/Users/KryTwo/GolandProjects/bcgen/barcode-generator/app/controller.go","line":160},"msg":"done MakePDF"}
{"time":"2026-01-21T18:31:32.2235332+03:00","level":"INFO","source":{"function":"barcode-app/app.(*Controller).RegeneratePreview","file":"C:/Users/KryTwo/GolandProjects/bcgen/barcode-generator/app/controller.go","line":162},"msg":"try BytesPdfToPNGConvert"}
{"time":"2026-01-21T18:31:32.2735841+03:00","level":"INFO","source":{"function":"barcode-app/app.(*Controller).RegeneratePreview","file":"C:/Users/KryTwo/GolandProjects/bcgen/barcode-generator/app/controller.go","line":165},"msg":"done BytesPdfToPNGConvert"}
{"time":"2026-01-21T18:31:32.2740892+03:00","level":"INFO","source":{"function":"barcode-app/app.(*Controller).RegeneratePreview","file":"C:/Users/KryTwo/GolandProjects/bcgen/barcode-generator/app/controller.go","line":170},"msg":"done RegeneratePreview"}
{"time":"2026-01-21T18:31:32.2740892+03:00","level":"INFO","source":{"function":"barcode-app/gui.makeOpenFile.func1.1","file":"C:/Users/KryTwo/GolandProjects/bcgen/barcode-generator/gui/openFile.go","line":56},"msg":"try RegeneradePreview"}
{"time":"2026-01-21T18:31:32.2740892+03:00","level":"INFO","source":{"function":"barcode-app/app.(*Controller).RegeneratePreview","file":"C:/Users/KryTwo/GolandProjects/bcgen/barcode-generator/app/controller.go","line":140},"msg":"try RegeneratePreview"}
{"time":"2026-01-21T18:31:32.274201+03:00","level":"INFO","source":{"function":"barcode-app/app.(*Controller).RegeneratePreview","file":"C:/Users/KryTwo/GolandProjects/bcgen/barcode-generator/app/controller.go","line":145},"msg":"try GenerateCode128"}
{"time":"2026-01-21T18:31:32.274201+03:00","level":"INFO","source":{"function":"barcode-app/app.(*Controller).RegeneratePreview","file":"C:/Users/KryTwo/GolandProjects/bcgen/barcode-generator/app/controller.go","line":147},"msg":"done GenerateCode128"}
{"time":"2026-01-21T18:31:32.274201+03:00","level":"INFO","source":{"function":"barcode-app/app.(*Controller).RegeneratePreview","file":"C:/Users/KryTwo/GolandProjects/bcgen/barcode-generator/app/controller.go","line":154},"msg":"try MakePDF"}
{"time":"2026-01-21T18:31:32.2773378+03:00","level":"INFO","source":{"function":"barcode-app/layout.MakePDF","file":"C:/Users/KryTwo/GolandProjects/bcgen/barcode-generator/layout/pdf.go","line":193},"msg":"not try to save to file in pdf.go"}
{"time":"2026-01-21T18:31:32.27829+03:00","level":"INFO","source":{"function":"barcode-app/layout.MakePDF","file":"C:/Users/KryTwo/GolandProjects/bcgen/barcode-generator/layout/pdf.go","line":198},"msg":"pdf get len pdfbytes"}
{"time":"2026-01-21T18:31:32.2792834+03:00","level":"INFO","source":{"function":"barcode-app/layout.MakePDF","file":"C:/Users/KryTwo/GolandProjects/bcgen/barcode-generator/layout/pdf.go","line":199},"msg":"396294"}
{"time":"2026-01-21T18:31:32.2792834+03:00","level":"INFO","source":{"function":"barcode-app/app.(*Controller).RegeneratePreview","file":"C:/Users/KryTwo/GolandProjects/bcgen/barcode-generator/app/controller.go","line":160},"msg":"done MakePDF"}
{"time":"2026-01-21T18:31:32.2792834+03:00","level":"INFO","source":{"function":"barcode-app/app.(*Controller).RegeneratePreview","file":"C:/Users/KryTwo/GolandProjects/bcgen/barcode-generator/app/controller.go","line":162},"msg":"try BytesPdfToPNGConvert"}
{"time":"2026-01-21T18:31:32.320869+03:00","level":"INFO","source":{"function":"barcode-app/app.(*Controller).RegeneratePreview","file":"C:/Users/KryTwo/GolandProjects/bcgen/barcode-generator/app/controller.go","line":165},"msg":"done BytesPdfToPNGConvert"}
{"time":"2026-01-21T18:31:32.320869+03:00","level":"INFO","source":{"function":"barcode-app/app.(*Controller).RegeneratePreview","file":"C:/Users/KryTwo/GolandProjects/bcgen/barcode-generator/app/controller.go","line":170},"msg":"done RegeneratePreview"}
{"time":"2026-01-21T18:31:32.320869+03:00","level":"INFO","source":{"function":"barcode-app/gui.makeOpenFile.func1.1","file":"C:/Users/KryTwo/GolandProjects/bcgen/barcode-generator/gui/openFile.go","line":58},"msg":"success RegeneradePreview"}
{"time":"2026-01-21T18:34:10.0339505+03:00","level":"INFO","source":{"function":"main.main","file":"C:/Users/KryTwo/GolandProjects/bcgen/barcode-generator/main.go","line":14},"msg":"start main"}
{"time":"2026-01-21T18:34:10.080945+03:00","level":"INFO","source":{"function":"barcode-app/app.(*Controller).RegeneratePreview","file":"C:/Users/KryTwo/GolandProjects/bcgen/barcode-generator/app/controller.go","line":140},"msg":"try RegeneratePreview"}
{"time":"2026-01-21T18:34:10.0815374+03:00","level":"INFO","source":{"function":"barcode-app/gui.makeOpenFile","file":"C:/Users/KryTwo/GolandProjects/bcgen/barcode-generator/gui/openFile.go","line":22},"msg":"start makeOpenFile"}
{"time":"2026-01-21T18:34:11.082848+03:00","level":"INFO","source":{"function":"barcode-app/gui.makeOpenFile.func1","file":"C:/Users/KryTwo/GolandProjects/bcgen/barcode-generator/gui/openFile.go","line":25},"msg":"попытка открытия файла"}
{"time":"2026-01-21T18:34:11.8158693+03:00","level":"INFO","source":{"function":"barcode-app/gui.makeOpenFile.func1.1","file":"C:/Users/KryTwo/GolandProjects/bcgen/barcode-generator/gui/openFile.go","line":34},"msg":"проверка на нажатие отмены"}
{"time":"2026-01-21T18:34:11.8158693+03:00","level":"INFO","source":{"function":"barcode-app/gui.makeOpenFile.func1.1","file":"C:/Users/KryTwo/GolandProjects/bcgen/barcode-generator/gui/openFile.go","line":41},"msg":"попытка чтения файла"}
{"time":"2026-01-21T18:34:11.8158693+03:00","level":"INFO","source":{"function":"barcode-app/gui.makeOpenFile.func1.1","file":"C:/Users/KryTwo/GolandProjects/bcgen/barcode-generator/gui/openFile.go","line":49},"msg":"try ProcessFile"}
{"time":"2026-01-21T18:34:11.8158693+03:00","level":"INFO","source":{"function":"barcode-app/app.(*Controller).ProcessFile","file":"C:/Users/KryTwo/GolandProjects/bcgen/barcode-generator/app/controller.go","line":35},"msg":"try csvreader.Read"}
{"time":"2026-01-21T18:34:11.8158693+03:00","level":"INFO","source":{"function":"barcode-app/app.(*Controller).ProcessFile","file":"C:/Users/KryTwo/GolandProjects/bcgen/barcode-generator/app/controller.go","line":37},"msg":"success csvreader.Read"}
{"time":"2026-01-21T18:34:11.8158693+03:00","level":"INFO","source":{"function":"barcode-app/app.(*Controller).RegeneratePreview","file":"C:/Users/KryTwo/GolandProjects/bcgen/barcode-generator/app/controller.go","line":140},"msg":"try RegeneratePreview"}
{"time":"2026-01-21T18:34:11.8158693+03:00","level":"INFO","source":{"function":"barcode-app/app.(*Controller).RegeneratePreview","file":"C:/Users/KryTwo/GolandProjects/bcgen/barcode-generator/app/controller.go","line":145},"msg":"try GenerateCode128"}
{"time":"2026-01-21T18:34:11.8158693+03:00","level":"INFO","source":{"function":"barcode-app/app.(*Controller).RegeneratePreview","file":"C:/Users/KryTwo/GolandProjects/bcgen/barcode-generator/app/controller.go","line":147},"msg":"done GenerateCode128"}
{"time":"2026-01-21T18:34:11.8158693+03:00","level":"INFO","source":{"function":"barcode-app/app.(*Controller).RegeneratePreview","file":"C:/Users/KryTwo/GolandProjects/bcgen/barcode-generator/app/controller.go","line":154},"msg":"try MakePDF"}
{"time":"2026-01-21T18:34:11.8176311+03:00","level":"INFO","source":{"function":"barcode-app/layout.MakePDF","file":"C:/Users/KryTwo/GolandProjects/bcgen/barcode-generator/layout/pdf.go","line":194},"msg":"not try to save to file in pdf.go"}
{"time":"2026-01-21T18:34:11.8176311+03:00","level":"INFO","source":{"function":"barcode-app/layout.MakePDF","file":"C:/Users/KryTwo/GolandProjects/bcgen/barcode-generator/layout/pdf.go","line":199},"msg":"pdf get len pdfbytes"}
{"time":"2026-01-21T18:34:11.8176311+03:00","level":"INFO","source":{"function":"barcode-app/layout.MakePDF","file":"C:/Users/KryTwo/GolandProjects/bcgen/barcode-generator/layout/pdf.go","line":200},"msg":"0"}
{"time":"2026-01-21T18:34:11.8176311+03:00","level":"ERROR","source":{"function":"barcode-app/logger.LogError","file":"C:/Users/KryTwo/GolandProjects/bcgen/barcode-generator/logger/logger.go","line":26},"msg":"cannot get PDFBytes","Ошибка":"empty pdfbytes"}
{"time":"2026-01-21T18:34:11.8176311+03:00","level":"INFO","source":{"function":"barcode-app/gui.makeOpenFile.func1.1","file":"C:/Users/KryTwo/GolandProjects/bcgen/barcode-generator/gui/openFile.go","line":56},"msg":"try RegeneradePreview"}
{"time":"2026-01-21T18:34:11.8176311+03:00","level":"INFO","source":{"function":"barcode-app/app.(*Controller).RegeneratePreview","file":"C:/Users/KryTwo/GolandProjects/bcgen/barcode-generator/app/controller.go","line":140},"msg":"try RegeneratePreview"}
{"time":"2026-01-21T18:34:11.8176311+03:00","level":"INFO","source":{"function":"barcode-app/app.(*Controller).RegeneratePreview","file":"C:/Users/KryTwo/GolandProjects/bcgen/barcode-generator/app/controller.go","line":145},"msg":"try GenerateCode128"}
{"time":"2026-01-21T18:34:11.8176311+03:00","level":"INFO","source":{"function":"barcode-app/app.(*Controller).RegeneratePreview","file":"C:/Users/KryTwo/GolandProjects/bcgen/barcode-generator/app/controller.go","line":147},"msg":"done GenerateCode128"}
{"time":"2026-01-21T18:34:11.8176311+03:00","level":"INFO","source":{"function":"barcode-app/app.(*Controller).RegeneratePreview","file":"C:/Users/KryTwo/GolandProjects/bcgen/barcode-generator/app/controller.go","line":154},"msg":"try MakePDF"}
{"time":"2026-01-21T18:34:11.8203773+03:00","level":"INFO","source":{"function":"barcode-app/layout.MakePDF","file":"C:/Users/KryTwo/GolandProjects/bcgen/barcode-generator/layout/pdf.go","line":194},"msg":"not try to save to file in pdf.go"}
{"time":"2026-01-21T18:34:11.8203773+03:00","level":"INFO","source":{"function":"barcode-app/layout.MakePDF","file":"C:/Users/KryTwo/GolandProjects/bcgen/barcode-generator/layout/pdf.go","line":199},"msg":"pdf get len pdfbytes"}
{"time":"2026-01-21T18:34:11.8203773+03:00","level":"INFO","source":{"function":"barcode-app/layout.MakePDF","file":"C:/Users/KryTwo/GolandProjects/bcgen/barcode-generator/layout/pdf.go","line":200},"msg":"0"}
{"time":"2026-01-21T18:34:11.8203773+03:00","level":"ERROR","source":{"function":"barcode-app/logger.LogError","file":"C:/Users/KryTwo/GolandProjects/bcgen/barcode-generator/logger/logger.go","line":26},"msg":"cannot get PDFBytes","Ошибка":"empty pdfbytes"}
{"time":"2026-01-21T18:34:11.8203773+03:00","level":"INFO","source":{"function":"barcode-app/gui.makeOpenFile.func1.1","file":"C:/Users/KryTwo/GolandProjects/bcgen/barcode-generator/gui/openFile.go","line":58},"msg":"success RegeneradePreview"}
{"time":"2026-01-21T18:34:52.2856661+03:00","level":"INFO","source":{"function":"main.main","file":"C:/Users/KryTwo/GolandProjects/bcgen/barcode-generator/main.go","line":14},"msg":"start main"}
{"time":"2026-01-21T18:34:52.3397762+03:00","level":"INFO","source":{"function":"barcode-app/app.(*Controller).RegeneratePreview","file":"C:/Users/KryTwo/GolandProjects/bcgen/barcode-generator/app/controller.go","line":140},"msg":"try RegeneratePreview"}
{"time":"2026-01-21T18:34:52.340334+03:00","level":"INFO","source":{"function":"barcode-app/gui.makeOpenFile","file":"C:/Users/KryTwo/GolandProjects/bcgen/barcode-generator/gui/openFile.go","line":22},"msg":"start makeOpenFile"}
{"time":"2026-01-21T18:34:53.2056714+03:00","level":"INFO","source":{"function":"barcode-app/gui.makeOpenFile.func1","file":"C:/Users/KryTwo/GolandProjects/bcgen/barcode-generator/gui/openFile.go","line":25},"msg":"попытка открытия файла"}
{"time":"2026-01-21T18:34:53.8936917+03:00","level":"INFO","source":{"function":"barcode-app/gui.makeOpenFile.func1.1","file":"C:/Users/KryTwo/GolandProjects/bcgen/barcode-generator/gui/openFile.go","line":34},"msg":"проверка на нажатие отмены"}
{"time":"2026-01-21T18:34:53.8936917+03:00","level":"INFO","source":{"function":"barcode-app/gui.makeOpenFile.func1.1","file":"C:/Users/KryTwo/GolandProjects/bcgen/barcode-generator/gui/openFile.go","line":41},"msg":"попытка чтения файла"}
{"time":"2026-01-21T18:34:53.8936917+03:00","level":"INFO","source":{"function":"barcode-app/gui.makeOpenFile.func1.1","file":"C:/Users/KryTwo/GolandProjects/bcgen/barcode-generator/gui/openFile.go","line":49},"msg":"try ProcessFile"}
{"time":"2026-01-21T18:34:53.8936917+03:00","level":"INFO","source":{"function":"barcode-app/app.(*Controller).ProcessFile","file":"C:/Users/KryTwo/GolandProjects/bcgen/barcode-generator/app/controller.go","line":35},"msg":"try csvreader.Read"}
{"time":"2026-01-21T18:34:53.8936917+03:00","level":"INFO","source":{"function":"barcode-app/app.(*Controller).ProcessFile","file":"C:/Users/KryTwo/GolandProjects/bcgen/barcode-generator/app/controller.go","line":37},"msg":"success csvreader.Read"}
{"time":"2026-01-21T18:34:53.8936917+03:00","level":"INFO","source":{"function":"barcode-app/app.(*Controller).RegeneratePreview","file":"C:/Users/KryTwo/GolandProjects/bcgen/barcode-generator/app/controller.go","line":140},"msg":"try RegeneratePreview"}
{"time":"2026-01-21T18:34:53.8936917+03:00","level":"INFO","source":{"function":"barcode-app/app.(*Controller).RegeneratePreview","file":"C:/Users/KryTwo/GolandProjects/bcgen/barcode-generator/app/controller.go","line":145},"msg":"try GenerateCode128"}
{"time":"2026-01-21T18:34:53.8936917+03:00","level":"INFO","source":{"function":"barcode-app/app.(*Controller).RegeneratePreview","file":"C:/Users/KryTwo/GolandProjects/bcgen/barcode-generator/app/controller.go","line":147},"msg":"done GenerateCode128"}
{"time":"2026-01-21T18:34:53.8936917+03:00","level":"INFO","source":{"function":"barcode-app/app.(*Controller).RegeneratePreview","file":"C:/Users/KryTwo/GolandProjects/bcgen/barcode-generator/app/controller.go","line":154},"msg":"try MakePDF"}
{"time":"2026-01-21T18:34:53.8967307+03:00","level":"INFO","source":{"function":"barcode-app/layout.MakePDF","file":"C:/Users/KryTwo/GolandProjects/bcgen/barcode-generator/layout/pdf.go","line":195},"msg":"not try to save to file in pdf.go"}
{"time":"2026-01-21T18:34:53.8967307+03:00","level":"INFO","source":{"function":"barcode-app/layout.MakePDF","file":"C:/Users/KryTwo/GolandProjects/bcgen/barcode-generator/layout/pdf.go","line":200},"msg":"pdf get len pdfbytes"}
{"time":"2026-01-21T18:34:53.8967307+03:00","level":"INFO","source":{"function":"barcode-app/layout.MakePDF","file":"C:/Users/KryTwo/GolandProjects/bcgen/barcode-generator/layout/pdf.go","line":201},"msg":"0"}
{"time":"2026-01-21T18:34:53.8967307+03:00","level":"ERROR","source":{"function":"barcode-app/logger.LogError","file":"C:/Users/KryTwo/GolandProjects/bcgen/barcode-generator/logger/logger.go","line":26},"msg":"cannot get PDFBytes","Ошибка":"empty pdfbytes"}
{"time":"2026-01-21T18:34:53.8967307+03:00","level":"INFO","source":{"function":"barcode-app/gui.makeOpenFile.func1.1","file":"C:/Users/KryTwo/GolandProjects/bcgen/barcode-generator/gui/openFile.go","line":56},"msg":"try RegeneradePreview"}
{"time":"2026-01-21T18:34:53.8967307+03:00","level":"INFO","source":{"function":"barcode-app/app.(*Controller).RegeneratePreview","file":"C:/Users/KryTwo/GolandProjects/bcgen/barcode-generator/app/controller.go","line":140},"msg":"try RegeneratePreview"}
{"time":"2026-01-21T18:34:53.8967307+03:00","level":"INFO","source":{"function":"barcode-app/app.(*Controller).RegeneratePreview","file":"C:/Users/KryTwo/GolandProjects/bcgen/barcode-generator/app/controller.go","line":145},"msg":"try GenerateCode128"}
{"time":"2026-01-21T18:34:53.8967307+03:00","level":"INFO","source":{"function":"barcode-app/app.(*Controller).RegeneratePreview","file":"C:/Users/KryTwo/GolandProjects/bcgen/barcode-generator/app/controller.go","line":147},"msg":"done GenerateCode128"}
{"time":"2026-01-21T18:34:53.8967307+03:00","level":"INFO","source":{"function":"barcode-app/app.(*Controller).RegeneratePreview","file":"C:/Users/KryTwo/GolandProjects/bcgen/barcode-generator/app/controller.go","line":154},"msg":"try MakePDF"}
{"time":"2026-01-21T18:34:53.8994525+03:00","level":"INFO","source":{"function":"barcode-app/layout.MakePDF","file":"C:/Users/KryTwo/GolandProjects/bcgen/barcode-generator/layout/pdf.go","line":195},"msg":"not try to save to file in pdf.go"}
{"time":"2026-01-21T18:34:53.8994812+03:00","level":"INFO","source":{"function":"barcode-app/layout.MakePDF","file":"C:/Users/KryTwo/GolandProjects/bcgen/barcode-generator/layout/pdf.go","line":200},"msg":"pdf get len pdfbytes"}
{"time":"2026-01-21T18:34:53.8994812+03:00","level":"INFO","source":{"function":"barcode-app/layout.MakePDF","file":"C:/Users/KryTwo/GolandProjects/bcgen/barcode-generator/layout/pdf.go","line":201},"msg":"0"}
{"time":"2026-01-21T18:34:53.8994932+03:00","level":"ERROR","source":{"function":"barcode-app/logger.LogError","file":"C:/Users/KryTwo/GolandProjects/bcgen/barcode-generator/logger/logger.go","line":26},"msg":"cannot get PDFBytes","Ошибка":"empty pdfbytes"}
{"time":"2026-01-21T18:34:53.8994932+03:00","level":"INFO","source":{"function":"barcode-app/gui.makeOpenFile.func1.1","file":"C:/Users/KryTwo/GolandProjects/bcgen/barcode-generator/gui/openFile.go","line":58},"msg":"success RegeneradePreview"}
{"time":"2026-01-21T18:38:45.4970449+03:00","level":"INFO","source":{"function":"main.main","file":"C:/Users/KryTwo/GolandProjects/bcgen/barcode-generator/main.go","line":14},"msg":"start main"}
{"time":"2026-01-21T18:38:45.5494704+03:00","level":"INFO","source":{"function":"barcode-app/app.(*Controller).RegeneratePreview","file":"C:/Users/KryTwo/GolandProjects/bcgen/barcode-generator/app/controller.go","line":140},"msg":"try RegeneratePreview"}
{"time":"2026-01-21T18:38:45.5500681+03:00","level":"INFO","source":{"function":"barcode-app/gui.makeOpenFile","file":"C:/Users/KryTwo/GolandProjects/bcgen/barcode-generator/gui/openFile.go","line":22},"msg":"start makeOpenFile"}
{"time":"2026-01-21T18:38:46.4601106+03:00","level":"INFO","source":{"function":"barcode-app/gui.makeOpenFile.func1","file":"C:/Users/KryTwo/GolandProjects/bcgen/barcode-generator/gui/openFile.go","line":25},"msg":"попытка открытия файла"}
{"time":"2026-01-21T18:38:47.1099997+03:00","level":"INFO","source":{"function":"barcode-app/gui.makeOpenFile.func1.1","file":"C:/Users/KryTwo/GolandProjects/bcgen/barcode-generator/gui/openFile.go","line":34},"msg":"проверка на нажатие отмены"}
{"time":"2026-01-21T18:38:47.1099997+03:00","level":"INFO","source":{"function":"barcode-app/gui.makeOpenFile.func1.1","file":"C:/Users/KryTwo/GolandProjects/bcgen/barcode-generator/gui/openFile.go","line":41},"msg":"попытка чтения файла"}
{"time":"2026-01-21T18:38:47.1099997+03:00","level":"INFO","source":{"function":"barcode-app/gui.makeOpenFile.func1.1","file":"C:/Users/KryTwo/GolandProjects/bcgen/barcode-generator/gui/openFile.go","line":49},"msg":"try ProcessFile"}
{"time":"2026-01-21T18:38:47.1099997+03:00","level":"INFO","source":{"function":"barcode-app/app.(*Controller).ProcessFile","file":"C:/Users/KryTwo/GolandProjects/bcgen/barcode-generator/app/controller.go","line":35},"msg":"try csvreader.Read"}
{"time":"2026-01-21T18:38:47.1099997+03:00","level":"INFO","source":{"function":"barcode-app/app.(*Controller).ProcessFile","file":"C:/Users/KryTwo/GolandProjects/bcgen/barcode-generator/app/controller.go","line":37},"msg":"success csvreader.Read"}
{"time":"2026-01-21T18:38:47.1099997+03:00","level":"INFO","source":{"function":"barcode-app/app.(*Controller).RegeneratePreview","file":"C:/Users/KryTwo/GolandProjects/bcgen/barcode-generator/app/controller.go","line":140},"msg":"try RegeneratePreview"}
{"time":"2026-01-21T18:38:47.1099997+03:00","level":"INFO","source":{"function":"barcode-app/app.(*Controller).RegeneratePreview","file":"C:/Users/KryTwo/GolandProjects/bcgen/barcode-generator/app/controller.go","line":145},"msg":"try GenerateCode128"}
{"time":"2026-01-21T18:38:47.1099997+03:00","level":"INFO","source":{"function":"barcode-app/app.(*Controller).RegeneratePreview","file":"C:/Users/KryTwo/GolandProjects/bcgen/barcode-generator/app/controller.go","line":147},"msg":"done GenerateCode128"}
{"time":"2026-01-21T18:38:47.1099997+03:00","level":"INFO","source":{"function":"barcode-app/app.(*Controller).RegeneratePreview","file":"C:/Users/KryTwo/GolandProjects/bcgen/barcode-generator/app/controller.go","line":154},"msg":"try MakePDF"}
{"time":"2026-01-21T18:38:47.1129009+03:00","level":"INFO","source":{"function":"barcode-app/layout.MakePDF","file":"C:/Users/KryTwo/GolandProjects/bcgen/barcode-generator/layout/pdf.go","line":195},"msg":"not try to save to file in pdf.go"}
{"time":"2026-01-21T18:38:47.1144865+03:00","level":"INFO","source":{"function":"barcode-app/layout.MakePDF","file":"C:/Users/KryTwo/GolandProjects/bcgen/barcode-generator/layout/pdf.go","line":200},"msg":"pdf get len pdfbytes"}
{"time":"2026-01-21T18:38:47.1144865+03:00","level":"INFO","source":{"function":"barcode-app/layout.MakePDF","file":"C:/Users/KryTwo/GolandProjects/bcgen/barcode-generator/layout/pdf.go","line":201},"msg":"396294"}
{"time":"2026-01-21T18:38:47.1144865+03:00","level":"INFO","source":{"function":"barcode-app/app.(*Controller).RegeneratePreview","file":"C:/Users/KryTwo/GolandProjects/bcgen/barcode-generator/app/controller.go","line":160},"msg":"done MakePDF"}
{"time":"2026-01-21T18:38:47.1144865+03:00","level":"INFO","source":{"function":"barcode-app/app.(*Controller).RegeneratePreview","file":"C:/Users/KryTwo/GolandProjects/bcgen/barcode-generator/app/controller.go","line":162},"msg":"try BytesPdfToPNGConvert"}
{"time":"2026-01-21T18:38:47.164622+03:00","level":"INFO","source":{"function":"barcode-app/app.(*Controller).RegeneratePreview","file":"C:/Users/KryTwo/GolandProjects/bcgen/barcode-generator/app/controller.go","line":165},"msg":"done BytesPdfToPNGConvert"}
{"time":"2026-01-21T18:38:47.164622+03:00","level":"INFO","source":{"function":"barcode-app/app.(*Controller).RegeneratePreview","file":"C:/Users/KryTwo/GolandProjects/bcgen/barcode-generator/app/controller.go","line":170},"msg":"done RegeneratePreview"}
{"time":"2026-01-21T18:38:47.164622+03:00","level":"INFO","source":{"function":"barcode-app/gui.makeOpenFile.func1.1","file":"C:/Users/KryTwo/GolandProjects/bcgen/barcode-generator/gui/openFile.go","line":56},"msg":"try RegeneradePreview"}
{"time":"2026-01-21T18:38:47.164622+03:00","level":"INFO","source":{"function":"barcode-app/app.(*Controller).RegeneratePreview","file":"C:/Users/KryTwo/GolandProjects/bcgen/barcode-generator/app/controller.go","line":140},"msg":"try RegeneratePreview"}
{"time":"2026-01-21T18:38:47.164622+03:00","level":"INFO","source":{"function":"barcode-app/app.(*Controller).RegeneratePreview","file":"C:/Users/KryTwo/GolandProjects/bcgen/barcode-generator/app/controller.go","line":145},"msg":"try GenerateCode128"}
{"time":"2026-01-21T18:38:47.164622+03:00","level":"INFO","source":{"function":"barcode-app/app.(*Controller).RegeneratePreview","file":"C:/Users/KryTwo/GolandProjects/bcgen/barcode-generator/app/controller.go","line":147},"msg":"done GenerateCode128"}
{"time":"2026-01-21T18:38:47.164622+03:00","level":"INFO","source":{"function":"barcode-app/app.(*Controller).RegeneratePreview","file":"C:/Users/KryTwo/GolandProjects/bcgen/barcode-generator/app/controller.go","line":154},"msg":"try MakePDF"}
{"time":"2026-01-21T18:38:47.1676227+03:00","level":"INFO","source":{"function":"barcode-app/layout.MakePDF","file":"C:/Users/KryTwo/GolandProjects/bcgen/barcode-generator/layout/pdf.go","line":195},"msg":"not try to save to file in pdf.go"}
{"time":"2026-01-21T18:38:47.1686215+03:00","level":"INFO","source":{"function":"barcode-app/layout.MakePDF","file":"C:/Users/KryTwo/GolandProjects/bcgen/barcode-generator/layout/pdf.go","line":200},"msg":"pdf get len pdfbytes"}
{"time":"2026-01-21T18:38:47.1686215+03:00","level":"INFO","source":{"function":"barcode-app/layout.MakePDF","file":"C:/Users/KryTwo/GolandProjects/bcgen/barcode-generator/layout/pdf.go","line":201},"msg":"396294"}
{"time":"2026-01-21T18:38:47.1686215+03:00","level":"INFO","source":{"function":"barcode-app/app.(*Controller).RegeneratePreview","file":"C:/Users/KryTwo/GolandProjects/bcgen/barcode-generator/app/controller.go","line":160},"msg":"done MakePDF"}
{"time":"2026-01-21T18:38:47.1686215+03:00","level":"INFO","source":{"function":"barcode-app/app.(*Controller).RegeneratePreview","file":"C:/Users/KryTwo/GolandProjects/bcgen/barcode-generator/app/controller.go","line":162},"msg":"try BytesPdfToPNGConvert"}
{"time":"2026-01-21T18:38:47.2106223+03:00","level":"INFO","source":{"function":"barcode-app/app.(*Controller).RegeneratePreview","file":"C:/Users/KryTwo/GolandProjects/bcgen/barcode-generator/app/controller.go","line":165},"msg":"done BytesPdfToPNGConvert"}
{"time":"2026-01-21T18:38:47.2106223+03:00","level":"INFO","source":{"function":"barcode-app/app.(*Controller).RegeneratePreview","file":"C:/Users/KryTwo/GolandProjects/bcgen/barcode-generator/app/controller.go","line":170},"msg":"done RegeneratePreview"}
{"time":"2026-01-21T18:38:47.2106223+03:00","level":"INFO","source":{"function":"barcode-app/gui.makeOpenFile.func1.1","file":"C:/Users/KryTwo/GolandProjects/bcgen/barcode-generator/gui/openFile.go","line":58},"msg":"success RegeneradePreview"}
{"time":"2026-01-21T18:49:44.9056706+03:00","level":"INFO","source":{"function":"main.main","file":"C:/Users/KryTwo/GolandProjects/bcgen/barcode-generator/main.go","line":14},"msg":"start main"}
{"time":"2026-01-21T18:49:44.9487322+03:00","level":"INFO","source":{"function":"barcode-app/app.(*Controller).RegeneratePreview","file":"C:/Users/KryTwo/GolandProjects/bcgen/barcode-generator/app/controller.go","line":140},"msg":"try RegeneratePreview"}
{"time":"2026-01-21T18:49:44.9493183+03:00","level":"INFO","source":{"function":"barcode-app/gui.makeOpenFile","file":"C:/Users/KryTwo/GolandProjects/bcgen/barcode-generator/gui/openFile.go","line":22},"msg":"start makeOpenFile"}
{"time":"2026-01-21T18:49:46.4089386+03:00","level":"INFO","source":{"function":"barcode-app/gui.makeOpenFile.func1","file":"C:/Users/KryTwo/GolandProjects/bcgen/barcode-generator/gui/openFile.go","line":25},"msg":"попытка открытия файла"}
